Número do Bem,Motivo
8444417459301,Falha na requisição HTTP
8787709861218,Falha na requisição HTTP
8444424606748,Falha na requisição HTTP
8444417872551,Falha na requisição HTTP
8787703409496,Falha na requisição HTTP
8444422863344,Falha na requisição HTTP
8444421983362,Falha na requisição HTTP
8444412581346,Falha na requisição HTTP
8044200423377,Falha na requisição HTTP
8444408311313,Falha na requisição HTTP
8444421674505,Falha na requisição HTTP
8444408707152,Falha na requisição HTTP
8444406488682,Falha na requisição HTTP
1444419391153,Falha na requisição HTTP
8444404464530,Falha na requisição HTTP
8444403267464,Falha na requisição HTTP
1444400055050,Falha na requisição HTTP
8444412412293,Falha na requisição HTTP
8444433183790,Falha na requisição HTTP
8787709579954,Falha na requisição HTTP
8787711547274,Falha na requisição HTTP
8787704634027,Falha na requisição HTTP
8787716453790,Falha na requisição HTTP
8787709072027,Falha na requisição HTTP
8787711125906,Falha na requisição HTTP
8787703145758,Falha na requisição HTTP
8787705334809,Falha na requisição HTTP
8787703665093,Falha na requisição HTTP
8444422884856,Falha na requisição HTTP
8444432739174,Falha na requisição HTTP
8787709084807,Falha na requisição HTTP
8444405959541,Falha na requisição HTTP
8787712862564,Falha na requisição HTTP
8787711261516,Falha na requisição HTTP
8444426425511,Falha na requisição HTTP
8787708849117,Falha na requisição HTTP
8787708343337,Falha na requisição HTTP
8787714450786,Falha na requisição HTTP
8787710389993,Falha na requisição HTTP
8787700233761,Falha na requisição HTTP
8787705870360,Falha na requisição HTTP
8787714243101,Falha na requisição HTTP
8787708293569,Falha na requisição HTTP
8787705761022,Falha na requisição HTTP
8787709636281,Falha na requisição HTTP
8787701415740,Falha na requisição HTTP
8444427749213,Falha na requisição HTTP
8787703153009,Falha na requisição HTTP
8555518725750,Falha na requisição HTTP
8787701835617,Falha na requisição HTTP
8555527096310,Falha na requisição HTTP
8555518887645,Falha na requisição HTTP
8444429552549,Falha na requisição HTTP
8444406656356,Falha na requisição HTTP
8444412864127,Falha na requisição HTTP
8444424137683,Falha na requisição HTTP
8787716760197,Falha na requisição HTTP
8444427023549,Falha na requisição HTTP
8444434943380,Falha na requisição HTTP
8444425565859,Falha na requisição HTTP
8787716055833,Falha na requisição HTTP
8787712339810,Falha na requisição HTTP
8787702587773,Falha na requisição HTTP
8787708515510,Falha na requisição HTTP
8444414271883,Falha na requisição HTTP
8787711604197,Falha na requisição HTTP
8787716325105,Falha na requisição HTTP
8787704471519,Falha na requisição HTTP
8444415689849,Falha na requisição HTTP
8787708692650,Falha na requisição HTTP
8787701957844,Falha na requisição HTTP
8444423466551,Falha na requisição HTTP
8787713553247,Falha na requisição HTTP
8444426525338,Falha na requisição HTTP
8555527280286,Falha na requisição HTTP
8444415554021,Falha na requisição HTTP
8444426133278,Falha na requisição HTTP
8787712760133,Falha na requisição HTTP
8444403486930,Falha na requisição HTTP
8444429350245,Falha na requisição HTTP
8787701152595,Falha na requisição HTTP
8444416385398,Falha na requisição HTTP
8555514449341,Falha na requisição HTTP
8787708380453,Falha na requisição HTTP
8444432540661,Falha na requisição HTTP
8444413159117,Falha na requisição HTTP
8444409992160,Falha na requisição HTTP
8444408542099,Falha na requisição HTTP
8444428354883,Falha na requisição HTTP
8787703782260,Falha na requisição HTTP
8787703375923,Falha na requisição HTTP
8555535235251,Falha na requisição HTTP
8787703714736,Falha na requisição HTTP
8444424449758,Falha na requisição HTTP
8787704151891,Falha na requisição HTTP
8555526152403,Falha na requisição HTTP
8787703026422,Falha na requisição HTTP
8444425467946,Falha na requisição HTTP
8444426522746,Falha na requisição HTTP
8555536006035,Falha na requisição HTTP
8444404338357,Falha na requisição HTTP
8787711309870,Falha na requisição HTTP
8787712667249,Falha na requisição HTTP
8444425647464,Falha na requisição HTTP
8444409736270,Falha na requisição HTTP
8444423325508,Falha na requisição HTTP
8555533475859,Falha na requisição HTTP
8444431745685,Falha na requisição HTTP
8444425565670,Falha na requisição HTTP
8444428231617,Falha na requisição HTTP
8444425582419,Falha na requisição HTTP
8787713296511,Falha na requisição HTTP
8444418805491,Falha na requisição HTTP
8444431554235,Falha na requisição HTTP
8444417912545,Falha na requisição HTTP
8787705779843,Falha na requisição HTTP
8555527618627,Falha na requisição HTTP
8444433534312,Falha na requisição HTTP
8555525860323,Falha na requisição HTTP
8444428688951,Falha na requisição HTTP
8787708749155,Falha na requisição HTTP
8787711017224,Falha na requisição HTTP
8787707264573,Falha na requisição HTTP
8444423241886,Falha na requisição HTTP
8787701039772,Falha na requisição HTTP
8444412460441,Falha na requisição HTTP
8787705455665,Falha na requisição HTTP
8787716650928,Falha na requisição HTTP
8444426839189,Falha na requisição HTTP
8787708520760,Falha na requisição HTTP
8444428652019,Falha na requisição HTTP
8444424398126,Falha na requisição HTTP
8787716811123,Falha na requisição HTTP
8444416861726,Falha na requisição HTTP
8444427300860,Falha na requisição HTTP
8787706115248,Falha na requisição HTTP
8787709311706,Falha na requisição HTTP
8787714335251,Falha na requisição HTTP
8787711029419,Falha na requisição HTTP
8444428051341,Falha na requisição HTTP
8787710592390,Falha na requisição HTTP
8444409809951,Falha na requisição HTTP
8787707273327,Falha na requisição HTTP
8444408559161,Falha na requisição HTTP
8444427729670,Falha na requisição HTTP
8787706625955,Falha na requisição HTTP
8787711166300,Falha na requisição HTTP
8444413081517,Falha na requisição HTTP
8444429639598,Falha na requisição HTTP
8555532169681,Falha na requisição HTTP
8787711219650,Falha na requisição HTTP
8787710356831,Falha na requisição HTTP
8555513000618,Falha na requisição HTTP
8444428233601,Falha na requisição HTTP
8444427368287,Falha na requisição HTTP
8555536176046,Falha na requisição HTTP
8787704551024,Falha na requisição HTTP
8787708327587,Falha na requisição HTTP
8444425195008,Falha na requisição HTTP
8787702158651,Falha na requisição HTTP
8787715226189,Falha na requisição HTTP
8444429171030,Falha na requisição HTTP
8787709438560,Falha na requisição HTTP
8787705500393,Falha na requisição HTTP
8787717196937,Falha na requisição HTTP
8787709843902,Falha na requisição HTTP
8444421781026,Falha na requisição HTTP
8444416730273,Falha na requisição HTTP
8787714234200,Falha na requisição HTTP
8787705741684,Falha na requisição HTTP
8444418977748,Falha na requisição HTTP
8787716272982,Falha na requisição HTTP
8444414919190,Falha na requisição HTTP
8444430042478,Falha na requisição HTTP
8787713366013,Falha na requisição HTTP
8555534957350,Falha na requisição HTTP
8555505923591,Falha na requisição HTTP
8787704214133,Falha na requisição HTTP
8444424700604,Falha na requisição HTTP
8787711619429,Falha na requisição HTTP
8444428312927,Falha na requisição HTTP
8444418282758,Falha na requisição HTTP
8787705245920,Falha na requisição HTTP
8787709351422,Falha na requisição HTTP
8787714185233,Falha na requisição HTTP
8787713367745,Falha na requisição HTTP
8787712915714,Falha na requisição HTTP
8555531544667,Falha na requisição HTTP
8555534698797,Falha na requisição HTTP
8787709207836,Falha na requisição HTTP
8444428984895,Falha na requisição HTTP
8787715394677,Falha na requisição HTTP
8787709247307,Falha na requisição HTTP
8787716003701,Falha na requisição HTTP
8444423838874,Falha na requisição HTTP
8787714497383,Falha na requisição HTTP
8787702423703,Falha na requisição HTTP
8787710100446,Falha na requisição HTTP
8787712885190,Falha na requisição HTTP
8787706839505,Falha na requisição HTTP
8787701699500,Falha na requisição HTTP
8787711828494,Falha na requisição HTTP
8444421079119,Falha na requisição HTTP
8444429606746,Falha na requisição HTTP
8787714864769,Falha na requisição HTTP
8444419247328,Falha na requisição HTTP
8444425938205,Falha na requisição HTTP
8787710376158,Falha na requisição HTTP
8787708644361,Falha na requisição HTTP
8787708162480,Falha na requisição HTTP
8555532751380,Falha na requisição HTTP
8787710450900,Falha na requisição HTTP
8787701249424,Falha na requisição HTTP
8787711557652,Falha na requisição HTTP
8787713174858,Falha na requisição HTTP
8787714271539,Falha na requisição HTTP
8787714102133,Falha na requisição HTTP
8787712101768,Falha na requisição HTTP
8555531252453,Falha na requisição HTTP
8787707078931,Falha na requisição HTTP
8787708458177,Falha na requisição HTTP
8787704858073,Falha na requisição HTTP
8444427070725,Falha na requisição HTTP
8787709359555,Falha na requisição HTTP
8787715815192,Falha na requisição HTTP
8444420815822,Falha na requisição HTTP
8444408928620,Falha na requisição HTTP
8787701389153,Falha na requisição HTTP
8787713495433,Falha na requisição HTTP
8787714508873,Falha na requisição HTTP
8787706886325,Falha na requisição HTTP
8444410113000,Falha na requisição HTTP
8444427590079,Falha na requisição HTTP
8787707863604,Falha na requisição HTTP
8787702184008,Falha na requisição HTTP
8787709785341,Falha na requisição HTTP
8444402920164,Falha na requisição HTTP
8444426961898,Falha na requisição HTTP
8444429101377,Falha na requisição HTTP
8444423188489,Falha na requisição HTTP
8787714700057,Falha na requisição HTTP
8787707869700,Falha na requisição HTTP
8787709926824,Falha na requisição HTTP
8787705333926,Falha na requisição HTTP
8555534925076,Falha na requisição HTTP
8555528141611,Falha na requisição HTTP
8787709358192,Falha na requisição HTTP
8555522167910,Falha na requisição HTTP
8444424182557,Falha na requisição HTTP
8555534692039,Falha na requisição HTTP
8787712629134,Falha na requisição HTTP
8787701011274,Falha na requisição HTTP
8787714741969,Falha na requisição HTTP
8444404452990,Falha na requisição HTTP
8444429605707,Falha na requisição HTTP
8787711111549,Falha na requisição HTTP
8444428737200,Falha na requisição HTTP
8787713624101,Falha na requisição HTTP
8787710747237,Falha na requisição HTTP
8787717152247,Falha na requisição HTTP
8444423131207,Falha na requisição HTTP
8444428983422,Falha na requisição HTTP
8787708049366,Falha na requisição HTTP
8444422123715,Falha na requisição HTTP
8444410406466,Falha na requisição HTTP
8444424189004,Falha na requisição HTTP
8444411311906,Falha na requisição HTTP
8787704713989,Falha na requisição HTTP
8555538533903,Falha na requisição HTTP
8787704797899,Falha na requisição HTTP
8787702888943,Falha na requisição HTTP
8787709606935,Falha na requisição HTTP
8787705505883,Falha na requisição HTTP
8555522805534,Falha na requisição HTTP
8444428349570,Falha na requisição HTTP
8444417051639,Falha na requisição HTTP
8787711059830,Falha na requisição HTTP
8787712132566,Falha na requisição HTTP
8787706648408,Falha na requisição HTTP
8787710605300,Falha na requisição HTTP
8444413376746,Falha na requisição HTTP
8444427442398,Falha na requisição HTTP
8787710282420,Falha na requisição HTTP
8787714750275,Falha na requisição HTTP
8787708999844,Falha na requisição HTTP
8787705495489,Falha na requisição HTTP
8444413568327,Falha na requisição HTTP
8555531574825,Falha na requisição HTTP
8787706101247,Falha na requisição HTTP
8444426709137,Falha na requisição HTTP
8787708871341,Falha na requisição HTTP
8787700251271,Falha na requisição HTTP
8555539951547,Falha na requisição HTTP
8444425492533,Falha na requisição HTTP
8444422597318,Falha na requisição HTTP
8787709365806,Falha na requisição HTTP
8787711640096,Falha na requisição HTTP
8444411659848,Falha na requisição HTTP
8787709364974,Falha na requisição HTTP
8787708518889,Falha na requisição HTTP
8444429478209,Falha na requisição HTTP
8444432278894,Falha na requisição HTTP
8787711139478,Falha na requisição HTTP
8444419545965,Falha na requisição HTTP
8787708365772,Falha na requisição HTTP
8787707554466,Falha na requisição HTTP
8787710386099,Falha na requisição HTTP
8444425717241,Falha na requisição HTTP
8787717073029,Falha na requisição HTTP
8787712736305,Falha na requisição HTTP
8787706664977,Falha na requisição HTTP
8555533737799,Falha na requisição HTTP
8787708151047,Falha na requisição HTTP
8787717163524,Falha na requisição HTTP
8787702041070,Falha na requisição HTTP
8555504396270,Falha na requisição HTTP
8787706104793,Falha na requisição HTTP
8444430103248,Falha na requisição HTTP
8787711953604,Falha na requisição HTTP
8444422377741,Falha na requisição HTTP
8555531803980,Falha na requisição HTTP
8787703739291,Falha na requisição HTTP
8444427738246,Falha na requisição HTTP
8787702957279,Falha na requisição HTTP
8787705359712,Falha na requisição HTTP
8444402344104,Falha na requisição HTTP
8787709551332,Falha na requisição HTTP
8787710954607,Falha na requisição HTTP
8444412460085,Falha na requisição HTTP
8444428339914,Falha na requisição HTTP
8444402285124,Falha na requisição HTTP
8787705873831,Falha na requisição HTTP
8444425919600,Falha na requisição HTTP
8444402895100,Falha na requisição HTTP
8787701011614,Falha na requisição HTTP
8787712885602,Falha na requisição HTTP
8787706467403,Falha na requisição HTTP
8444404553819,Falha na requisição HTTP
8444429216123,Falha na requisição HTTP
8787710787255,Falha na requisição HTTP
8444423482832,Falha na requisição HTTP
8787706127246,Falha na requisição HTTP
8787711886710,Falha na requisição HTTP
8787702121642,Falha na requisição HTTP
8787713514560,Falha na requisição HTTP
8787711637540,Falha na requisição HTTP
8444409660940,Falha na requisição HTTP
8787711682813,Falha na requisição HTTP
8444421961369,Falha na requisição HTTP
8787701773859,Falha na requisição HTTP
8444429260246,Falha na requisição HTTP
8444423858468,Falha na requisição HTTP
8444426600739,Falha na requisição HTTP
8787712397454,Falha na requisição HTTP
8444423832027,Falha na requisição HTTP
8787714531387,Falha na requisição HTTP
8787710277168,Falha na requisição HTTP
8787717538315,Falha na requisição HTTP
8787711121366,Falha na requisição HTTP
8444413379311,Falha na requisição HTTP
8444423796926,Falha na requisição HTTP
8787709307962,Falha na requisição HTTP
8787709427887,Falha na requisição HTTP
8787708784007,Falha na requisição HTTP
8787710507821,Falha na requisição HTTP
8444429549297,Falha na requisição HTTP
8444429446340,Falha na requisição HTTP
8787708601484,Falha na requisição HTTP
8787716727769,Falha na requisição HTTP
8787711198407,Falha na requisição HTTP
8787711841032,Falha na requisição HTTP
8787709756422,Falha na requisição HTTP
8787704797821,Falha na requisição HTTP
1444407120761,Falha na requisição HTTP
1555539463188,Falha na requisição HTTP
10206718,Falha na requisição HTTP
1444418829430,Falha na requisição HTTP
1444421552746,Falha na requisição HTTP
8555510558308,Falha na requisição HTTP
10206723,Falha na requisição HTTP
1444419888325,Falha na requisição HTTP
10202981,Falha na requisição HTTP
1444417588120,Falha na requisição HTTP
1444419122063,Falha na requisição HTTP
1444408442959,Falha na requisição HTTP
1444420816880,Falha na requisição HTTP
1444420659431,Falha na requisição HTTP
8444429239417,Falha na requisição HTTP
1444407841337,Falha na requisição HTTP
1444415863689,Falha na requisição HTTP
1444419535813,Falha na requisição HTTP
8444409167860,Falha na requisição HTTP
8444406646555,Falha na requisição HTTP
8444406720798,Falha na requisição HTTP
8444402380011,Falha na requisição HTTP
8444401507255,Falha na requisição HTTP
8555512685366,Falha na requisição HTTP
8444402338376,Falha na requisição HTTP
8444404268464,Falha na requisição HTTP
8444406730254,Falha na requisição HTTP
8444415769583,Falha na requisição HTTP
8444416596445,Falha na requisição HTTP
8444404953426,Falha na requisição HTTP
8444409481905,Falha na requisição HTTP
1444417834490,Falha na requisição HTTP
1444421355568,Falha na requisição HTTP
8444407904930,Falha na requisição HTTP
8555514441120,Falha na requisição HTTP
1444419686463,Falha na requisição HTTP
8444416770267,Falha na requisição HTTP
8444410042618,Falha na requisição HTTP
8043000497840,Falha na requisição HTTP
8787710388393,Falha na requisição HTTP
8787707852599,Falha na requisição HTTP
1787701067808,Falha na requisição HTTP
8444401858643,Falha na requisição HTTP
8444403485062,Falha na requisição HTTP
8444424025052,Falha na requisição HTTP
8444403437700,Falha na requisição HTTP
1444408316678,Falha na requisição HTTP
8444416171460,Falha na requisição HTTP
8444405653922,Falha na requisição HTTP
8444402640382,Falha na requisição HTTP
1444412729752,Falha na requisição HTTP
8444412311217,Falha na requisição HTTP
1444409040277,Falha na requisição HTTP
8555519661730,Falha na requisição HTTP
1444414698099,Falha na requisição HTTP
8444420699385,Falha na requisição HTTP
1444414426978,Falha na requisição HTTP
1444415258920,Falha na requisição HTTP
8444422136167,Falha na requisição HTTP
1444418383416,Falha na requisição HTTP
8444411071883,Falha na requisição HTTP
8444423811747,Falha na requisição HTTP
8444415312702,Falha na requisição HTTP
8444406706116,Falha na requisição HTTP
1444419728140,Falha na requisição HTTP
8444401262856,Falha na requisição HTTP
1444419708793,Falha na requisição HTTP
1444419453469,Falha na requisição HTTP
1444415553841,Falha na requisição HTTP
8444415660727,Falha na requisição HTTP
8444400834058,Falha na requisição HTTP
1444418968031,Falha na requisição HTTP
1444417014352,Falha na requisição HTTP
8555526850089,Falha na requisição HTTP
8787706113830,Falha na requisição HTTP
8444416526820,Falha na requisição HTTP
8444401771521,Falha na requisição HTTP
8444409342514,Falha na requisição HTTP
1444415953602,Falha na requisição HTTP
8444404454365,Falha na requisição HTTP
8444403964130,Falha na requisição HTTP
8555538777713,Falha na requisição HTTP
1444415615855,Falha na requisição HTTP
8444416706623,Falha na requisição HTTP
10209938,Falha na requisição HTTP
8444408962632,Falha na requisição HTTP
8444416491805,Falha na requisição HTTP
8444401521541,Falha na requisição HTTP
1444414949890,Falha na requisição HTTP
1444417896690,Falha na requisição HTTP
10207836,Falha na requisição HTTP
1444414764563,Falha na requisição HTTP
1444418479626,Falha na requisição HTTP
8444408058952,Falha na requisição HTTP
8444413408923,Falha na requisição HTTP
1444419353545,Falha na requisição HTTP
8444406945625,Falha na requisição HTTP
8047200397176,Falha na requisição HTTP
8444419594478,Falha na requisição HTTP
8444413728987,Falha na requisição HTTP
1787700484243,Falha na requisição HTTP
8444407974718,Falha na requisição HTTP
8444414031920,Falha na requisição HTTP
8444415702608,Falha na requisição HTTP
8444405955805,Falha na requisição HTTP
10211798,Falha na requisição HTTP
8444405303867,Falha na requisição HTTP
8444404698531,Falha na requisição HTTP
1444402120453,Falha na requisição HTTP
1555535100919,Falha na requisição HTTP
8164520071634,Falha na requisição HTTP
8444409702960,Falha na requisição HTTP
1444408982970,Falha na requisição HTTP
1049520090550,Falha na requisição HTTP
10178537,Falha na requisição HTTP
10187216,Falha na requisição HTTP
1555505525156,Falha na requisição HTTP
10176094,Falha na requisição HTTP
1444420409877,Falha na requisição HTTP
10171634,Falha na requisição HTTP
1444405797675,Falha na requisição HTTP
8444414097905,Falha na requisição HTTP
1444402718740,Falha na requisição HTTP
8787704815803,Falha na requisição HTTP
8444400380146,Falha na requisição HTTP
8787717095774,Falha na requisição HTTP
8787713950386,Falha na requisição HTTP
8444401220002,Falha na requisição HTTP
8787714876708,Falha na requisição HTTP
8444433739844,Falha na requisição HTTP
10195443,Falha na requisição HTTP
10211903,Falha na requisição HTTP
10214178,Falha na requisição HTTP
8444420643932,Falha na requisição HTTP
8444425102158,Falha na requisição HTTP
8787712278021,Falha na requisição HTTP
8444423147502,Falha na requisição HTTP
8444408870452,Falha na requisição HTTP
8787713300098,Falha na requisição HTTP
8444418354082,Falha na requisição HTTP
8787706685915,Falha na requisição HTTP
8444409574210,Falha na requisição HTTP
8444418268577,Falha na requisição HTTP
8555534400631,Falha na requisição HTTP
8555534008081,Falha na requisição HTTP
8444417094702,Falha na requisição HTTP
8444423999312,Falha na requisição HTTP
8444428790900,Falha na requisição HTTP
10209506,Falha na requisição HTTP
10213311,Falha na requisição HTTP
8444421384299,Falha na requisição HTTP
8787710883289,Falha na requisição HTTP
8444404479775,Falha na requisição HTTP
8555524040608,Falha na requisição HTTP
8555534722736,Falha na requisição HTTP
8444401494994,Falha na requisição HTTP
8444430102292,Falha na requisição HTTP
8787703064430,Falha na requisição HTTP
8787708036752,Falha na requisição HTTP
8444431785547,Falha na requisição HTTP
8787712327006,Falha na requisição HTTP
8555527825037,Falha na requisição HTTP
8555531555707,Falha na requisição HTTP
8444402708211,Falha na requisição HTTP
8787710434212,Falha na requisição HTTP
8444405070617,Falha na requisição HTTP
8444418937630,Falha na requisição HTTP
8444408503506,Falha na requisição HTTP
8444418082635,Falha na requisição HTTP
8444422776328,Falha na requisição HTTP
8787714498487,Falha na requisição HTTP
8787700993405,Falha na requisição HTTP
8444423631005,Falha na requisição HTTP
8444429838698,Falha na requisição HTTP
8444423699165,Falha na requisição HTTP
8444420381059,Falha na requisição HTTP
8444410982300,Falha na requisição HTTP
8444432782347,Falha na requisição HTTP
8444406870870,Falha na requisição HTTP
8044200429901,Falha na requisição HTTP
8444405711710,Falha na requisição HTTP
8306300006227,Falha na requisição HTTP
8444421504588,Falha na requisição HTTP
8444413312136,Falha na requisição HTTP
8787702447831,Falha na requisição HTTP
8444413299008,Falha na requisição HTTP
8787712821086,Falha na requisição HTTP
8444416757961,Falha na requisição HTTP
8787711472193,Falha na requisição HTTP
8555514584338,Falha na requisição HTTP
8444420046756,Falha na requisição HTTP
8444422817881,Falha na requisição HTTP
8787711933115,Falha na requisição HTTP
8787714130404,Falha na requisição HTTP
8444424434629,Falha na requisição HTTP
8555514542600,Falha na requisição HTTP
8444426767935,Falha na requisição HTTP
8555518780891,Falha na requisição HTTP
8444423625005,Falha na requisição HTTP
8444433829428,Falha na requisição HTTP
8787714148435,Falha na requisição HTTP
8444432626671,Falha na requisição HTTP
8787711205497,Falha na requisição HTTP
8444426128983,Falha na requisição HTTP
8444404207686,Falha na requisição HTTP
8787709538042,Falha na requisição HTTP
8555518329294,Falha na requisição HTTP
8444430391367,Falha na requisição HTTP
8787713573477,Falha na requisição HTTP
8444402739125,Falha na requisição HTTP
8787715588803,Falha na requisição HTTP
8787701708054,Falha na requisição HTTP
1444419165196,Falha na requisição HTTP
1444416942418,Falha na requisição HTTP
1444418379079,Falha na requisição HTTP
1444419174438,Falha na requisição HTTP
1444418000177,Falha na requisição HTTP
1555532684286,Falha na requisição HTTP
1444419208065,Falha na requisição HTTP
1444419522746,Falha na requisição HTTP
8444401778623,Falha na requisição HTTP
8444407643851,Falha na requisição HTTP
8555536363784,Falha na requisição HTTP
8444421612259,Falha na requisição HTTP
8444419293710,Falha na requisição HTTP
8787702134531,Falha na requisição HTTP
8444409598063,Falha na requisição HTTP
1787701957650,Falha na requisição HTTP
1444420275811,Falha na requisição HTTP
8444410358836,Falha na requisição HTTP
1444410120050,Falha na requisição HTTP
8444416981780,Falha na requisição HTTP
8787702102931,Falha na requisição HTTP
1787700271240,Falha na requisição HTTP
8444422646220,Falha na requisição HTTP
1787701121535,Falha na requisição HTTP
8444407717715,Falha na requisição HTTP
1444421729115,Falha na requisição HTTP
8444421342448,Falha na requisição HTTP
8555538295077,Falha na requisição HTTP
8555509166809,Falha na requisição HTTP
1444418941079,Falha na requisição HTTP
1787701192610,Falha na requisição HTTP
8555509777417,Falha na requisição HTTP
1444418295339,Falha na requisição HTTP
1444415142108,Falha na requisição HTTP
8555538819122,Falha na requisição HTTP
8444414135181,Falha na requisição HTTP
10209941,Falha na requisição HTTP
1444417341698,Falha na requisição HTTP
8444401363539,Falha na requisição HTTP
1444415253171,Falha na requisição HTTP
8444420362089,Falha na requisição HTTP
1444419652593,Falha na requisição HTTP
1444413231537,Falha na requisição HTTP
8444406830151,Falha na requisição HTTP
1444419449089,Falha na requisição HTTP
8444412051576,Falha na requisição HTTP
8444402027796,Falha na requisição HTTP
1787701317650,Falha na requisição HTTP
1444418834310,Falha na requisição HTTP
8787700284714,Falha na requisição HTTP
10209002,Falha na requisição HTTP
1787700712319,Falha na requisição HTTP
1555534998954,Falha na requisição HTTP
1444417684943,Falha na requisição HTTP
8555512053173,Falha na requisição HTTP
1444414764970,Falha na requisição HTTP
8444418804134,Falha na requisição HTTP
8444409225267,Falha na requisição HTTP
8555538572941,Falha na requisição HTTP
8444413162800,Falha na requisição HTTP
1444417756626,Falha na requisição HTTP
1444418952607,Falha na requisição HTTP
8444415510806,Falha na requisição HTTP
8444411028368,Falha na requisição HTTP
1444418850391,Falha na requisição HTTP
8444405199059,Falha na requisição HTTP
1444418291333,Falha na requisição HTTP
8444406774995,Falha na requisição HTTP
1787701030068,Falha na requisição HTTP
1444418423043,Falha na requisição HTTP
8046500623513,Falha na requisição HTTP
1444414638410,Falha na requisição HTTP
8444408723883,Falha na requisição HTTP
1444411064366,Falha na requisição HTTP
1444406922996,Falha na requisição HTTP
1444407686544,Falha na requisição HTTP
1555529558690,Falha na requisição HTTP
1444418494188,Falha na requisição HTTP
8444408491052,Falha na requisição HTTP
1444419834284,Falha na requisição HTTP
1444417949530,Falha na requisição HTTP
10208356,Falha na requisição HTTP
1444419861826,Falha na requisição HTTP
8787700687282,Falha na requisição HTTP
8444417218436,Falha na requisição HTTP
1555527730402,Falha na requisição HTTP
8444434156176,Falha na requisição HTTP
1444418821332,Falha na requisição HTTP
1444419674023,Falha na requisição HTTP
8444420760335,Falha na requisição HTTP
1444418841139,Falha na requisição HTTP
8444429093803,Falha na requisição HTTP
1444417871476,Falha na requisição HTTP
1444403881334,Falha na requisição HTTP
1444417136571,Falha na requisição HTTP
1787701569803,Falha na requisição HTTP
8444411323424,Falha na requisição HTTP
1444418475973,Falha na requisição HTTP
1787701641393,Falha na requisição HTTP
1444413110934,Falha na requisição HTTP
8223400050078,Falha na requisição HTTP
1444419631375,Falha na requisição HTTP
1787701485235,Falha na requisição HTTP
10211366,Falha na requisição HTTP
1444418038409,Falha na requisição HTTP
1444418641539,Falha na requisição HTTP
8787701129534,Falha na requisição HTTP
1444418875300,Falha na requisição HTTP
8444410317765,Falha na requisição HTTP
1444411800550,Falha na requisição HTTP
8787702805797,Falha na requisição HTTP
1555520924082,Falha na requisição HTTP
1787701792006,Falha na requisição HTTP
1444418178243,Falha na requisição HTTP
1444408189560,Falha na requisição HTTP
8444416647627,Falha na requisição HTTP
1444414562740,Falha na requisição HTTP
8555505067873,Falha na requisição HTTP
8444422687643,Falha na requisição HTTP
8444423253566,Falha na requisição HTTP
8444402776730,Falha na requisição HTTP
8444413187110,Falha na requisição HTTP
8444410561313,Falha na requisição HTTP
10214789,Falha na requisição HTTP
1555522664363,Falha na requisição HTTP
1415200000461,Falha na requisição HTTP
1444410741364,Falha na requisição HTTP
8555507969343,Falha na requisição HTTP
1787701311288,Falha na requisição HTTP
1555514544516,Falha na requisição HTTP
1444417504082,Falha na requisição HTTP
8155000037548,Falha na requisição HTTP
1444412876410,Falha na requisição HTTP
1787701358411,Falha na requisição HTTP
8555520082608,Falha na requisição HTTP
8444415993009,Falha na requisição HTTP
1444420689144,Falha na requisição HTTP
1444416434021,Falha na requisição HTTP
1444416773683,Falha na requisição HTTP
8444420701142,Falha na requisição HTTP
8444406063967,Falha na requisição HTTP
1444418229050,Falha na requisição HTTP
1444413071076,Falha na requisição HTTP
1787701418422,Falha na requisição HTTP
8444409017850,Falha na requisição HTTP
1555504765285,Falha na requisição HTTP
8787706549515,Falha na requisição HTTP
1444408506566,Falha na requisição HTTP
1444407047827,Falha na requisição HTTP
8444422218767,Falha na requisição HTTP
1787701824536,Falha na requisição HTTP
8444403381399,Falha na requisição HTTP
8444428716211,Falha na requisição HTTP
1444413826158,Falha na requisição HTTP
1444417233429,Falha na requisição HTTP
1444415254305,Falha na requisição HTTP
1555530256414,Falha na requisição HTTP
1444413222244,Falha na requisição HTTP
8787701907570,Falha na requisição HTTP
1444418325815,Falha na requisição HTTP
8444413158897,Falha na requisição HTTP
8555509782674,Falha na requisição HTTP
10210125,Falha na requisição HTTP
8444418186600,Falha na requisição HTTP
10208953,Falha na requisição HTTP
10210457,Falha na requisição HTTP
1444417059615,Falha na requisição HTTP
1444419518137,Falha na requisição HTTP
10204783,Falha na requisição HTTP
8444403226830,Falha na requisição HTTP
8787710089132,Falha na requisição HTTP
8787708502036,Falha na requisição HTTP
1444419163428,Falha na requisição HTTP
1444420039620,Falha na requisição HTTP
8444415563071,Falha na requisição HTTP
1444422455574,Falha na requisição HTTP
1444420359454,Falha na requisição HTTP
1444419627408,Falha na requisição HTTP
1444412607886,Falha na requisição HTTP
1444418890180,Falha na requisição HTTP
1444419137532,Falha na requisição HTTP
1444419507321,Falha na requisição HTTP
1444406495680,Falha na requisição HTTP
1444406406823,Falha na requisição HTTP
8444410774171,Falha na requisição HTTP
1444420911874,Falha na requisição HTTP
8444430595825,Falha na requisição HTTP
1444421923639,Falha na requisição HTTP
1600000047256,Falha na requisição HTTP
1555510619899,Falha na requisição HTTP
1444408654956,Falha na requisição HTTP
1444417048206,Falha na requisição HTTP
1444421410208,Falha na requisição HTTP
1444415437892,Falha na requisição HTTP
8444430175885,Falha na requisição HTTP
8001200505760,Falha na requisição HTTP
1444418181767,Falha na requisição HTTP
1444419640617,Falha na requisição HTTP
1444414889668,Falha na requisição HTTP
1444423081724,Falha na requisição HTTP
1444418894984,Falha na requisição HTTP
1444420674481,Falha na requisição HTTP
1444421871884,Falha na requisição HTTP
1444420411189,Falha na requisição HTTP
1444422260811,Falha na requisição HTTP
1444417955963,Falha na requisição HTTP
1444416811550,Falha na requisição HTTP
1444420286600,Falha na requisição HTTP
1444420886446,Falha na requisição HTTP
1444421293384,Falha na requisição HTTP
1444420777981,Falha na requisição HTTP
1444421878528,Falha na requisição HTTP
1444420115016,Falha na requisição HTTP
1444420712200,Falha na requisição HTTP
10213921,Falha na requisição HTTP
1444420937024,Falha na requisição HTTP
8444430608374,Falha na requisição HTTP
1444421251517,Falha na requisição HTTP
1444415785653,Falha na requisição HTTP
1600000073290,Falha na requisição HTTP
1787701848770,Falha na requisição HTTP
1444410113088,Falha na requisição HTTP
1444419706669,Falha na requisição HTTP
1787701788564,Falha na requisição HTTP
1787700131677,Falha na requisição HTTP
1444402332825,Falha na requisição HTTP
10215733,Falha na requisição HTTP
1444408662576,Falha na requisição HTTP
1444421329702,Falha na requisição HTTP
1045100001675,Falha na requisição HTTP
1555523762180,Falha na requisição HTTP
1444420546637,Falha na requisição HTTP
1444408275661,Falha na requisição HTTP
1444417476631,Falha na requisição HTTP
1155533900343,Falha na requisição HTTP
1155533900319,Falha na requisição HTTP
1555507161380,Falha na requisição HTTP
1555527116348,Falha na requisição HTTP
1555503948149,Falha na requisição HTTP
8444413058183,Falha na requisição HTTP
1600000177842,Falha na requisição HTTP
1787700023009,Falha na requisição HTTP
1444400940313,Falha na requisição HTTP
10215738,Falha na requisição HTTP
8444411023080,Falha na requisição HTTP
10211368,Falha na requisição HTTP
1444418974384,Falha na requisição HTTP
1155533900335,Falha na requisição HTTP
1444417663245,Falha na requisição HTTP
1444417729840,Falha na requisição HTTP
1444419188978,Falha na requisição HTTP
1444405951437,Falha na requisição HTTP
8444408566010,Falha na requisição HTTP
1444401828053,Falha na requisição HTTP
1444418640877,Falha na requisição HTTP
1444405565863,Falha na requisição HTTP
1444419482159,Falha na requisição HTTP
1444419618182,Falha na requisição HTTP
10210443,Falha na requisição HTTP
1444414934523,Falha na requisição HTTP
1444415335879,Falha na requisição HTTP
1444420797095,Falha na requisição HTTP
10176577,Falha na requisição HTTP
1444403378764,Falha na requisição HTTP
1444418945465,Falha na requisição HTTP
1444416682327,Falha na requisição HTTP
1444417485215,Falha na requisição HTTP
1444418350666,Falha na requisição HTTP
1555519675686,Falha na requisição HTTP
1444403056660,Falha na requisição HTTP
8555502549230,Falha na requisição HTTP
1555523226815,Falha na requisição HTTP
10210460,Falha na requisição HTTP
1444418295843,Falha na requisição HTTP
1444419909616,Falha na requisição HTTP
1444421156239,Falha na requisição HTTP
1444405970849,Falha na requisição HTTP
1555509085517,Falha na requisição HTTP
1787700107512,Falha na requisição HTTP
8444421077850,Falha na requisição HTTP
1555522592052,Falha na requisição HTTP
1555521565353,Falha na requisição HTTP
10210360,Falha na requisição HTTP
1444418123368,Falha na requisição HTTP
1444420992696,Falha na requisição HTTP
1444420531532,Falha na requisição HTTP
1444405915384,Falha na requisição HTTP
1444418270395,Falha na requisição HTTP
1444408542368,Falha na requisição HTTP
8444404765263,Falha na requisição HTTP
1001400102084,Falha na requisição HTTP
1444419491433,Falha na requisição HTTP
1444402605570,Falha na requisição HTTP
1444417552060,Falha na requisição HTTP
1444418225004,Falha na requisição HTTP
1444406294928,Falha na requisição HTTP
1243720070211,Falha na requisição HTTP
1787700800218,Falha na requisição HTTP
10210516,Falha na requisição HTTP
1600000046730,Falha na requisição HTTP
10208913,Falha na requisição HTTP
10202962,Falha na requisição HTTP
1444418037780,Falha na requisição HTTP
1600000016830,Falha na requisição HTTP
8444410355306,Falha na requisição HTTP
1555535328065,Falha na requisição HTTP
10210455,Falha na requisição HTTP
1444421304475,Falha na requisição HTTP
1787700255589,Falha na requisição HTTP
1444405837740,Falha na requisição HTTP
1555516506638,Falha na requisição HTTP
1444418810365,Falha na requisição HTTP
1444419800860,Falha na requisição HTTP
10211902,Falha na requisição HTTP
10212506,Falha na requisição HTTP
10211723,Falha na requisição HTTP
10209029,Falha na requisição HTTP
1444400459356,Falha na requisição HTTP
10213542,Falha na requisição HTTP
1444414960311,Falha na requisição HTTP
1444419920113,Falha na requisição HTTP
1444420612788,Falha na requisição HTTP
1444420339402,Falha na requisição HTTP
8555515217517,Falha na requisição HTTP
8444404041036,Falha na requisição HTTP
1444413223453,Falha na requisição HTTP
1444419735960,Falha na requisição HTTP
1444408618330,Falha na requisição HTTP
1444420225954,Falha na requisição HTTP
1444421418659,Falha na requisição HTTP
1444419184506,Falha na requisição HTTP
1444412672475,Falha na requisição HTTP
1444419148453,Falha na requisição HTTP
8444429483741,Falha na requisição HTTP
1555521077740,Falha na requisição HTTP
1444402184117,Falha na requisição HTTP
1600000173286,Falha na requisição HTTP
1600000003283,Falha na requisição HTTP
10213114,Falha na requisição HTTP
1444418350151,Falha na requisição HTTP
1444421265860,Falha na requisição HTTP
1444420896522,Falha na requisição HTTP
1444420504128,Falha na requisição HTTP
10208957,Falha na requisição HTTP
8444405401435,Falha na requisição HTTP
1444419634730,Falha na requisição HTTP
1444417529310,Falha na requisição HTTP
1444419296142,Falha na requisição HTTP
1444421098204,Falha na requisição HTTP
1444419851057,Falha na requisição HTTP
10212304,Falha na requisição HTTP
8444405773669,Falha na requisição HTTP
1444419424485,Falha na requisição HTTP
1444417932114,Falha na requisição HTTP
8444411087321,Falha na requisição HTTP
1444415064646,Falha na requisição HTTP
10210225,Falha na requisição HTTP
10210441,Falha na requisição HTTP
10210439,Falha na requisição HTTP
1555515576772,Falha na requisição HTTP
1444418967868,Falha na requisição HTTP
1444418802907,Falha na requisição HTTP
1444413910760,Falha na requisição HTTP
1787700583519,Falha na requisição HTTP
1555533510206,Falha na requisição HTTP
1555518878346,Falha na requisição HTTP
1444413395696,Falha na requisição HTTP
10210440,Falha na requisição HTTP
1444405228476,Falha na requisição HTTP
1444418301401,Falha na requisição HTTP
10212078,Falha na requisição HTTP
1555533727302,Falha na requisição HTTP
1444416131193,Falha na requisição HTTP
10211602,Falha na requisição HTTP
1555533182926,Falha na requisição HTTP
1444408262659,Falha na requisição HTTP
10214195,Falha na requisição HTTP
1444418189091,Falha na requisição HTTP
1444403484645,Falha na requisição HTTP
1444415494624,Falha na requisição HTTP
1444405664217,Falha na requisição HTTP
8787706388953,Falha na requisição HTTP
8444415089493,Falha na requisição HTTP
1555536036726,Falha na requisição HTTP
8787713191302,Falha na requisição HTTP
8444433523140,Falha na requisição HTTP
8787700572639,Falha na requisição HTTP
8444409182649,Falha na requisição HTTP
8787709821313,Falha na requisição HTTP
1444414897954,Falha na requisição HTTP
8787710226199,Falha na requisição HTTP
1555502035727,Falha na requisição HTTP
8444409199100,Falha na requisição HTTP
8787711159991,Falha na requisição HTTP
8787708870752,Falha na requisição HTTP
8787714479741,Falha na requisição HTTP
8787714108212,Falha na requisição HTTP
8787713011487,Falha na requisição HTTP
8444410041700,Falha na requisição HTTP
8787716517586,Falha na requisição HTTP
8444426607989,Falha na requisição HTTP
8787708271743,Falha na requisição HTTP
8787702224913,Falha na requisição HTTP
8787702708732,Falha na requisição HTTP
8444402703147,Falha na requisição HTTP
8787707263950,Falha na requisição HTTP
8787712247711,Falha na requisição HTTP
8444408886693,Falha na requisição HTTP
8444427730520,Falha na requisição HTTP
8787704580040,Falha na requisição HTTP
8787707294812,Falha na requisição HTTP
8444425802923,Falha na requisição HTTP
8787702050311,Falha na requisição HTTP
8444413564607,Falha na requisição HTTP
8787706133971,Falha na requisição HTTP
8787711029907,Falha na requisição HTTP
8787712862424,Falha na requisição HTTP
8444423117115,Falha na requisição HTTP
8444417075295,Falha na requisição HTTP
8444427530190,Falha na requisição HTTP
8787710557918,Falha na requisição HTTP
8787715113759,Falha na requisição HTTP
8787710215480,Falha na requisição HTTP
8444404050973,Falha na requisição HTTP
8444422924149,Falha na requisição HTTP
8444420534033,Falha na requisição HTTP
1444401976451,Falha na requisição HTTP
8444427474290,Falha na requisição HTTP
8787704749070,Falha na requisição HTTP
8444408906244,Falha na requisição HTTP
8444430554657,Falha na requisição HTTP
8787713178454,Falha na requisição HTTP
8787701295094,Falha na requisição HTTP
1444414137070,Falha na requisição HTTP
8444429272228,Falha na requisição HTTP
8787706184363,Falha na requisição HTTP
8787702581961,Falha na requisição HTTP
8555527288350,Falha na requisição HTTP
8787712487453,Falha na requisição HTTP
8444404201335,Falha na requisição HTTP
1444405952662,Falha na requisição HTTP
8444408197111,Falha na requisição HTTP
8787703644711,Falha na requisição HTTP
8444408317419,Falha na requisição HTTP
8444413768555,Falha na requisição HTTP
8787704840867,Falha na requisição HTTP
8787711155023,Falha na requisição HTTP
8444419833766,Falha na requisição HTTP
8555535753015,Falha na requisição HTTP
8444410517209,Falha na requisição HTTP
8444423474201,Falha na requisição HTTP
8444419417061,Falha na requisição HTTP
8787702747037,Falha na requisição HTTP
8444422665801,Falha na requisição HTTP
8787711949518,Falha na requisição HTTP
8787710969078,Falha na requisição HTTP
8787708637632,Falha na requisição HTTP
1444417059020,Falha na requisição HTTP
8787714334131,Falha na requisição HTTP
8787701992216,Falha na requisição HTTP
8555526555206,Falha na requisição HTTP
8787705053664,Falha na requisição HTTP
8787710553777,Falha na requisição HTTP
8787704042820,Falha na requisição HTTP
8555536791840,Falha na requisição HTTP
8787715578697,Falha na requisição HTTP
8444413250793,Falha na requisição HTTP
8444408346290,Falha na requisição HTTP
8444428471413,Falha na requisição HTTP
8787704417379,Falha na requisição HTTP
8787703354411,Falha na requisição HTTP
8787715489716,Falha na requisição HTTP
1298100002926,Falha na requisição HTTP
8444425633943,Falha na requisição HTTP
1444406335799,Falha na requisição HTTP
8444401362222,Falha na requisição HTTP
8787712169915,Falha na requisição HTTP
8787703989913,Falha na requisição HTTP
1444416357566,Falha na requisição HTTP
8787706942403,Falha na requisição HTTP
8555536798810,Falha na requisição HTTP
8444432725319,Falha na requisição HTTP
8787713186791,Falha na requisição HTTP
1444418317685,Falha na requisição HTTP
1444420806400,Falha na requisição HTTP
1444419166524,Falha na requisição HTTP
8787702595962,Falha na requisição HTTP
8787710872880,Falha na requisição HTTP
8787702760041,Falha na requisição HTTP
8787711819762,Falha na requisição HTTP
8787705821939,Falha na requisição HTTP
8444424717728,Falha na requisição HTTP
8787700482834,Falha na requisição HTTP
8787700431121,Falha na requisição HTTP
8444426297734,Falha na requisição HTTP
8444411664183,Falha na requisição HTTP
8787710512388,Falha na requisição HTTP
8787702310356,Falha na requisição HTTP
8787715603128,Falha na requisição HTTP
1444415736636,Falha na requisição HTTP
1555531070489,Falha na requisição HTTP
8555522548477,Falha na requisição HTTP
8787704610977,Falha na requisição HTTP
8787703818310,Falha na requisição HTTP
8444428779477,Falha na requisição HTTP
8787711122311,Falha na requisição HTTP
8787701498130,Falha na requisição HTTP
1444415228533,Falha na requisição HTTP
8444426270984,Falha na requisição HTTP
8444430290200,Falha na requisição HTTP
1787701350321,Falha na requisição HTTP
8787707173675,Falha na requisição HTTP
8444427894078,Falha na requisição HTTP
8787704751953,Falha na requisição HTTP
8444434057992,Falha na requisição HTTP
1444419583494,Falha na requisição HTTP
8787708762720,Falha na requisição HTTP
8555535338093,Falha na requisição HTTP
8787710880824,Falha na requisição HTTP
8787711711740,Falha na requisição HTTP
8787704327400,Falha na requisição HTTP
8787701727253,Falha na requisição HTTP
8787704262480,Falha na requisição HTTP
8444435021819,Falha na requisição HTTP
8787712252049,Falha na requisição HTTP
8787706976715,Falha na requisição HTTP
8787713839515,Falha na requisição HTTP
8444432655906,Falha na requisição HTTP
8444429491710,Falha na requisição HTTP
8787717443764,Falha na requisição HTTP
8444429988576,Falha na requisição HTTP
1787701594328,Falha na requisição HTTP
8444417227397,Falha na requisição HTTP
8444427220948,Falha na requisição HTTP
8444422313999,Falha na requisição HTTP
8444426873581,Falha na requisição HTTP
8787711452613,Falha na requisição HTTP
8444416987029,Falha na requisição HTTP
8444418679828,Falha na requisição HTTP
8787711485872,Falha na requisição HTTP
8787709725888,Falha na requisição HTTP
8444424517532,Falha na requisição HTTP
8444421605821,Falha na requisição HTTP
8787704149978,Falha na requisição HTTP
8158900480094,Falha na requisição HTTP
10215739,Falha na requisição HTTP
8444419184601,Falha na requisição HTTP
8787716864774,Falha na requisição HTTP
8444428558144,Falha na requisição HTTP
8787711272186,Falha na requisição HTTP
8444427550239,Falha na requisição HTTP
8787711599576,Falha na requisição HTTP
8787709410194,Falha na requisição HTTP
8787708179804,Falha na requisição HTTP
8444406300470,Falha na requisição HTTP
8787712797134,Falha na requisição HTTP
8787708951957,Falha na requisição HTTP
8787709470251,Falha na requisição HTTP
8787702730649,Falha na requisição HTTP
8787712521791,Falha na requisição HTTP
8444430080728,Falha na requisição HTTP
8444409334902,Falha na requisição HTTP
8555537059981,Falha na requisição HTTP
8787707784313,Falha na requisição HTTP
8444431127973,Falha na requisição HTTP
8444427388903,Falha na requisição HTTP
1444419328095,Falha na requisição HTTP
8444418816507,Falha na requisição HTTP
8787713792098,Falha na requisição HTTP
8444426324219,Falha na requisição HTTP
1444416636511,Falha na requisição HTTP
8444419007823,Falha na requisição HTTP
8555533600645,Falha na requisição HTTP
8787705150600,Falha na requisição HTTP
1444419316500,Falha na requisição HTTP
8787700927216,Falha na requisição HTTP
8787712259086,Falha na requisição HTTP
8787708592434,Falha na requisição HTTP
1444419514085,Falha na requisição HTTP
8787703621576,Falha na requisição HTTP
8444422617360,Falha na requisição HTTP
8787702078860,Falha na requisição HTTP
8787704562905,Falha na requisição HTTP
8444422600718,Falha na requisição HTTP
8787710438331,Falha na requisição HTTP
1444421423202,Falha na requisição HTTP
8444432295780,Falha na requisição HTTP
8787706256682,Falha na requisição HTTP
8444421203570,Falha na requisição HTTP
8444428234268,Falha na requisição HTTP
8444402488165,Falha na requisição HTTP
8444422846105,Falha na requisição HTTP
8787709027161,Falha na requisição HTTP
8787714151231,Falha na requisição HTTP
8444417264110,Falha na requisição HTTP
8444410456870,Falha na requisição HTTP
8444428943838,Falha na requisição HTTP
8787703097338,Falha na requisição HTTP
8444428215522,Falha na requisição HTTP
8787705924975,Falha na requisição HTTP
8787712199725,Falha na requisição HTTP
8444429872160,Falha na requisição HTTP
8444425796907,Falha na requisição HTTP
8444428745882,Falha na requisição HTTP
8444427449147,Falha na requisição HTTP
8444426656688,Falha na requisição HTTP
8444427557330,Falha na requisição HTTP
8787708585640,Falha na requisição HTTP
1444415039285,Falha na requisição HTTP
1555517587844,Falha na requisição HTTP
8787703870290,Falha na requisição HTTP
8787706157862,Falha na requisição HTTP
8787701933988,Falha na requisição HTTP
8787715712741,Falha na requisição HTTP
8787700492520,Falha na requisição HTTP
8444408606046,Falha na requisição HTTP
8787707223974,Falha na requisição HTTP
1444420058403,Falha na requisição HTTP
8444426024096,Falha na requisição HTTP
8555502666148,Falha na requisição HTTP
1600000048988,Falha na requisição HTTP
8444409867862,Falha na requisição HTTP
1787701822673,Falha na requisição HTTP
8444406188077,Falha na requisição HTTP
8444428498451,Falha na requisição HTTP
1444406228470,Falha na requisição HTTP
8444428446702,Falha na requisição HTTP
8787716281221,Falha na requisição HTTP
8444405860120,Falha na requisição HTTP
8444429662905,Falha na requisição HTTP
8787704280152,Falha na requisição HTTP
8787708031122,Falha na requisição HTTP
8305200000768,Falha na requisição HTTP
8555516435569,Falha na requisição HTTP
8555533010830,Falha na requisição HTTP
8444425396119,Falha na requisição HTTP
8444423838440,Falha na requisição HTTP
8444426330472,Falha na requisição HTTP
8444416597247,Falha na requisição HTTP
8787717069307,Falha na requisição HTTP
8444420638033,Falha na requisição HTTP
1444411104414,Falha na requisição HTTP
8787705343255,Falha na requisição HTTP
8444413991467,Falha na requisição HTTP
1444417139082,Falha na requisição HTTP
10217516,Falha na requisição HTTP
8444401191169,Falha na requisição HTTP
1787702749120,Falha na requisição HTTP
8444419989901,Falha na requisição HTTP
8444427129479,Falha na requisição HTTP
8787710490058,Falha na requisição HTTP
8555529273104,Falha na requisição HTTP
8787703272857,Falha na requisição HTTP
8444429296445,Falha na requisição HTTP
8787703818167,Falha na requisição HTTP
8787705793412,Falha na requisição HTTP
8444422238342,Falha na requisição HTTP
8444400140226,Falha na requisição HTTP
8787711508040,Falha na requisição HTTP
8444420543270,Falha na requisição HTTP
8444419787896,Falha na requisição HTTP
8555502204560,Falha na requisição HTTP
8787715687500,Falha na requisição HTTP
8444427334250,Falha na requisição HTTP
8787705991486,Falha na requisição HTTP
8444406394211,Falha na requisição HTTP
8444419075497,Falha na requisição HTTP
8787707044530,Falha na requisição HTTP
8787716423972,Falha na requisição HTTP
10217555,Falha na requisição HTTP
8555516243929,Falha na requisição HTTP
8444413689949,Falha na requisição HTTP
8787705815416,Falha na requisição HTTP
8555527941983,Falha na requisição HTTP
8444433252660,Falha na requisição HTTP
8444434005755,Falha na requisição HTTP
8444419265946,Falha na requisição HTTP
8444417790458,Falha na requisição HTTP
8444406617067,Falha na requisição HTTP
8444426477910,Falha na requisição HTTP
8787714406299,Falha na requisição HTTP
8787702512714,Falha na requisição HTTP
8444430620030,Falha na requisição HTTP
8444411201124,Falha na requisição HTTP
8444429619368,Falha na requisição HTTP
8787708829388,Falha na requisição HTTP
8444403884684,Falha na requisição HTTP
8787710460787,Falha na requisição HTTP
8444413126790,Falha na requisição HTTP
8787717460545,Falha na requisição HTTP
8444405148799,Falha na requisição HTTP
8555513693010,Falha na requisição HTTP
8787710680396,Falha na requisição HTTP
8787708447329,Falha na requisição HTTP
8787702455095,Falha na requisição HTTP
8787713958450,Falha na requisição HTTP
8787708862032,Falha na requisição HTTP
8787712341092,Falha na requisição HTTP
8444427919291,Falha na requisição HTTP
8787705122348,Falha na requisição HTTP
8444405392860,Falha na requisição HTTP
8444429084901,Falha na requisição HTTP
8444434278743,Falha na requisição HTTP
8444428489274,Falha na requisição HTTP
8787701888079,Falha na requisição HTTP
8787712690143,Falha na requisição HTTP
8444410114724,Falha na requisição HTTP
8444415935483,Falha na requisição HTTP
8555528426446,Falha na requisição HTTP
8444429151960,Falha na requisição HTTP
8444419250345,Falha na requisição HTTP
1444417643961,Falha na requisição HTTP
8444422394824,Falha na requisição HTTP
8787708459505,Falha na requisição HTTP
8787709803498,Falha na requisição HTTP
8444408878232,Falha na requisição HTTP
8444424642825,Falha na requisição HTTP
8444429546220,Falha na requisição HTTP
1600000126210,Falha na requisição HTTP
8555517132993,Falha na requisição HTTP
8444429479515,Falha na requisição HTTP
8444418417009,Falha na requisição HTTP
8444425029388,Falha na requisição HTTP
8444432149156,Falha na requisição HTTP
8555514864063,Falha na requisição HTTP
8787700511737,Falha na requisição HTTP
8444433178885,Falha na requisição HTTP
8444411002709,Falha na requisição HTTP
8787704539644,Falha na requisição HTTP
8444426245637,Falha na requisição HTTP
8555529635901,Falha na requisição HTTP
8787715946440,Falha na requisição HTTP
8444409742725,Falha na requisição HTTP
8787710777969,Falha na requisição HTTP
8787712116862,Falha na requisição HTTP
8444422954617,Falha na requisição HTTP
8555519294753,Falha na requisição HTTP
8444427299773,Falha na requisição HTTP
8444426988184,Falha na requisição HTTP
8555527193030,Falha na requisição HTTP
8787711262288,Falha na requisição HTTP
8787703974398,Falha na requisição HTTP
1444415854655,Falha na requisição HTTP
8444426527543,Falha na requisição HTTP
8444400827728,Falha na requisição HTTP
8444404728210,Falha na requisição HTTP
8444418124605,Falha na requisição HTTP
1444420735219,Falha na requisição HTTP
8444413839037,Falha na requisição HTTP
8787716405362,Falha na requisição HTTP
8555533837211,Falha na requisição HTTP
8555517793892,Falha na requisição HTTP
8787701321818,Falha na requisição HTTP
8444403460078,Falha na requisição HTTP
8444423010248,Falha na requisição HTTP
8444421179385,Falha na requisição HTTP
8444407223496,Falha na requisição HTTP
8787702459570,Falha na requisição HTTP
1444421189382,Falha na requisição HTTP
8787720584918,Falha na requisição HTTP
8444422460690,Falha na requisição HTTP
8555506465635,Falha na requisição HTTP
8555522672690,Falha na requisição HTTP
8444424057019,Falha na requisição HTTP
8444402742681,Falha na requisição HTTP
8444431276537,Falha na requisição HTTP
8444428700196,Falha na requisição HTTP
8444428228780,Falha na requisição HTTP
8787717219031,Falha na requisição HTTP
8787712771062,Falha na requisição HTTP
8444430009799,Falha na requisição HTTP
8444415332827,Falha na requisição HTTP
8444423794737,Falha na requisição HTTP
8787713624993,Falha na requisição HTTP
8787716344606,Falha na requisição HTTP
8787713791849,Falha na requisição HTTP
1444420883870,Falha na requisição HTTP
8444401228720,Falha na requisição HTTP
8555507203880,Falha na requisição HTTP
8444425564577,Falha na requisição HTTP
8555500826067,Falha na requisição HTTP
8444425525997,Falha na requisição HTTP
8444428051864,Falha na requisição HTTP
1444419641974,Falha na requisição HTTP
8555537592485,Falha na requisição HTTP
8444427551448,Falha na requisição HTTP
8444405550856,Falha na requisição HTTP
1444418030971,Falha na requisição HTTP
8555513578342,Falha na requisição HTTP
8444408732114,Falha na requisição HTTP
8787708037570,Falha na requisição HTTP
8444400246580,Falha na requisição HTTP
8444430722517,Falha na requisição HTTP
8555515494723,Falha na requisição HTTP
8444412080975,Falha na requisição HTTP
8444407101480,Falha na requisição HTTP
8444419988638,Falha na requisição HTTP
8555524267793,Falha na requisição HTTP
8787708018657,Falha na requisição HTTP
8444424716080,Falha na requisição HTTP
8787707659004,Falha na requisição HTTP
8787703052636,Falha na requisição HTTP
8555506941852,Falha na requisição HTTP
8787706762405,Falha na requisição HTTP
8444407139380,Falha na requisição HTTP
8444430505451,Falha na requisição HTTP
8444428520139,Falha na requisição HTTP
8555518419650,Falha na requisição HTTP
8444425711880,Falha na requisição HTTP
8444402494300,Falha na requisição HTTP
8555523075785,Falha na requisição HTTP
8444411593065,Falha na requisição HTTP
1555523948365,Falha na requisição HTTP
1444417028434,Falha na requisição HTTP
8444415722439,Falha na requisição HTTP
8444400833450,Falha na requisição HTTP
8555515391070,Falha na requisição HTTP
8444402707002,Falha na requisição HTTP
8555515066268,Falha na requisição HTTP
1444418619878,Falha na requisição HTTP
8444421098830,Falha na requisição HTTP
8444427584567,Falha na requisição HTTP
10170153,Falha na requisição HTTP
8444428989951,Falha na requisição HTTP
1444403095401,Falha na requisição HTTP
1444419996071,Falha na requisição HTTP
8555512423787,Falha na requisição HTTP
8444415171521,Falha na requisição HTTP
8444407110594,Falha na requisição HTTP
8787720282636,Falha na requisição HTTP
8787716004007,Falha na requisição HTTP
8444402670281,Falha na requisição HTTP
8444428189939,Falha na requisição HTTP
8444415667330,Falha na requisição HTTP
8444429497807,Falha na requisição HTTP
10207553,Falha na requisição HTTP
8444414518226,Falha na requisição HTTP
8444421826755,Falha na requisição HTTP
8444430758945,Falha na requisição HTTP
1444412903027,Falha na requisição HTTP
8444423816099,Falha na requisição HTTP
8444426530102,Falha na requisição HTTP
8444432464221,Falha na requisição HTTP
8444424999685,Falha na requisição HTTP
8444429637420,Falha na requisição HTTP
8444429072776,Falha na requisição HTTP
8444428816844,Falha na requisição HTTP
1444421963304,Falha na requisição HTTP
8444428285598,Falha na requisição HTTP
8444428567879,Falha na requisição HTTP
8555505999156,Falha na requisição HTTP
8444421532948,Falha na requisição HTTP
1444416714504,Falha na requisição HTTP
8444411944496,Falha na requisição HTTP
8444425356095,Falha na requisição HTTP
8444425692010,Falha na requisição HTTP
8305200013878,Falha na requisição HTTP
8444422729460,Falha na requisição HTTP
1444419544219,Falha na requisição HTTP
1444414314673,Falha na requisição HTTP
8787707401031,Falha na requisição HTTP
8444403035369,Falha na requisição HTTP
1444421573565,Falha na requisição HTTP
10219363,Falha na requisição HTTP
10210408,Falha na requisição HTTP
1444412876348,Falha na requisição HTTP
10215093,Falha na requisição HTTP
1444418337830,Falha na requisição HTTP
8787712002549,Falha na requisição HTTP
8787713827711,Falha na requisição HTTP
1001300038899,Falha na requisição HTTP
8555520346974,Falha na requisição HTTP
1444420965540,Falha na requisição HTTP
1444420992637,Falha na requisição HTTP
8787700644923,Falha na requisição HTTP
8787712070323,Falha na requisição HTTP
8787710696918,Falha na requisição HTTP
1444419642563,Falha na requisição HTTP
1444416930240,Falha na requisição HTTP
8444421919591,Falha na requisição HTTP
1444416353285,Falha na requisição HTTP
8300100002865,Falha na requisição HTTP
1555515487362,Falha na requisição HTTP
8444433364794,Falha na requisição HTTP
1444407088450,Falha na requisição HTTP
8444405388897,Falha na requisição HTTP
8444414404514,Falha na requisição HTTP
1444419257317,Falha na requisição HTTP
1555517992005,Falha na requisição HTTP
8555525554788,Falha na requisição HTTP
8555527430830,Falha na requisição HTTP
8555535082340,Falha na requisição HTTP
8097509756014,Falha na requisição HTTP
8787703136821,Falha na requisição HTTP
8787700425423,Falha na requisição HTTP
1444416526775,Falha na requisição HTTP
1444415954641,Falha na requisição HTTP
1787701585337,Falha na requisição HTTP
1444400845302,Falha na requisição HTTP
1444413139584,Falha na requisição HTTP
1444419704119,Falha na requisição HTTP
1444414801876,Falha na requisição HTTP
1444418304656,Falha na requisição HTTP
1444413345451,Falha na requisição HTTP
8444401071783,Falha na requisição HTTP
1444401390937,Falha na requisição HTTP
8787700788089,Falha na requisição HTTP
1444403228274,Falha na requisição HTTP
1444404043766,Falha na requisição HTTP
1555533481435,Falha na requisição HTTP
1444403188337,Falha na requisição HTTP
1444407024622,Falha na requisição HTTP
1444410496998,Falha na requisição HTTP
1444419492774,Falha na requisição HTTP
1444410800620,Falha na requisição HTTP
8787711401350,Falha na requisição HTTP
10177904,Falha na requisição HTTP
8305200006235,Falha na requisição HTTP
8555515463259,Falha na requisição HTTP
8444419388975,Falha na requisição HTTP
8444407857126,Falha na requisição HTTP
8444426702914,Falha na requisição HTTP
8444424773881,Falha na requisição HTTP
8555514526567,Falha na requisição HTTP
8444425235158,Falha na requisição HTTP
8444429586354,Falha na requisição HTTP
8555501805861,Falha na requisição HTTP
8444426577290,Falha na requisição HTTP
8444428494340,Falha na requisição HTTP
8555513504950,Falha na requisição HTTP
8444429615249,Falha na requisição HTTP
8444420573055,Falha na requisição HTTP
8444427824010,Falha na requisição HTTP
8444424898943,Falha na requisição HTTP
8555504776935,Falha na requisição HTTP
8444420672983,Falha na requisição HTTP
8444427331782,Falha na requisição HTTP
8444421245680,Falha na requisição HTTP
8444426109997,Falha na requisição HTTP
8444424425700,Falha na requisição HTTP
8223400048006,Falha na requisição HTTP
8444420898728,Falha na requisição HTTP
8555511690048,Falha na requisição HTTP
8444403463727,Falha na requisição HTTP
1444413029428,Falha na requisição HTTP
1444417396727,Falha na requisição HTTP
8444434515664,Falha na requisição HTTP
8787700954973,Falha na requisição HTTP
8444400964415,Falha na requisição HTTP
8555533654630,Falha na requisição HTTP
8555519108615,Falha na requisição HTTP
8444406667765,Falha na requisição HTTP
8444413052916,Falha na requisição HTTP
8444431011924,Falha na requisição HTTP
8444402286341,Falha na requisição HTTP
8787703358719,Falha na requisição HTTP
8787704990729,Falha na requisição HTTP
8444417934964,Falha na requisição HTTP
8444421618265,Falha na requisição HTTP
8444410332837,Falha na requisição HTTP
8444409514650,Falha na requisição HTTP
8444401682707,Falha na requisição HTTP
8444430169745,Falha na requisição HTTP
8444426554877,Falha na requisição HTTP
8444403215138,Falha na requisição HTTP
8444411466497,Falha na requisição HTTP
8444406409030,Falha na requisição HTTP
8444428370196,Falha na requisição HTTP
8444410143953,Falha na requisição HTTP
8444423297318,Falha na requisição HTTP
8444425382916,Falha na requisição HTTP
8444416745564,Falha na requisição HTTP
8444427546410,Falha na requisição HTTP
8444421881918,Falha na requisição HTTP
8444405633182,Falha na requisição HTTP
8555505371025,Falha na requisição HTTP
8444414305273,Falha na requisição HTTP
8444429888415,Falha na requisição HTTP
8444407479318,Falha na requisição HTTP
8444427475997,Falha na requisição HTTP
8444430414022,Falha na requisição HTTP
8444416423516,Falha na requisição HTTP
8444428758607,Falha na requisição HTTP
8444419626183,Falha na requisição HTTP
8444403971641,Falha na requisição HTTP
8444428666753,Falha na requisição HTTP
8444418392510,Falha na requisição HTTP
8444419490052,Falha na requisição HTTP
8444429788933,Falha na requisição HTTP
8444426498187,Falha na requisição HTTP
1444419674317,Falha na requisição HTTP
8444408271605,Falha na requisição HTTP
8444424656060,Falha na requisição HTTP
8444403729891,Falha na requisição HTTP
8444403588554,Falha na requisição HTTP
8555518127284,Falha na requisição HTTP
8444423286227,Falha na requisição HTTP
8444407841971,Falha na requisição HTTP
8787705014839,Falha na requisição HTTP
8444419650203,Falha na requisição HTTP
8787716874621,Falha na requisição HTTP
8787717313755,Falha na requisição HTTP
8444416430938,Falha na requisição HTTP
8444428497374,Falha na requisição HTTP
1444415237672,Falha na requisição HTTP
1444416317769,Falha na requisição HTTP
8444424301572,Falha na requisição HTTP
8787712019484,Falha na requisição HTTP
8787709515387,Falha na requisição HTTP
1444421484775,Falha na requisição HTTP
8787709104654,Falha na requisição HTTP
1444413744194,Falha na requisição HTTP
8444431564699,Falha na requisição HTTP
8787710786291,Falha na requisição HTTP
8787715324040,Falha na requisição HTTP
8444403806241,Falha na requisição HTTP
8444423551826,Falha na requisição HTTP
8444406936405,Falha na requisição HTTP
8444429193328,Falha na requisição HTTP
8555520919710,Falha na requisição HTTP
8555514281289,Falha na requisição HTTP
8444426525591,Falha na requisição HTTP
8787701200166,Falha na requisição HTTP
8444432854933,Falha na requisição HTTP
8787713148393,Falha na requisição HTTP
1444414615339,Falha na requisição HTTP
1444417008190,Falha na requisição HTTP
8444404183647,Falha na requisição HTTP
8444414202873,Falha na requisição HTTP
1444407563396,Falha na requisição HTTP
8444416580220,Falha na requisição HTTP
8444401903169,Falha na requisição HTTP
8444423176294,Falha na requisição HTTP
8787714148907,Falha na requisição HTTP
8555516364920,Falha na requisição HTTP
8787709481571,Falha na requisição HTTP
8444425132740,Falha na requisição HTTP
8444413049494,Falha na requisição HTTP
8555539708812,Falha na requisição HTTP
8444426617852,Falha na requisição HTTP
8444429484179,Falha na requisição HTTP
8787711768661,Falha na requisição HTTP
8787714622781,Falha na requisição HTTP
8787713497274,Falha na requisição HTTP
8787717423739,Falha na requisição HTTP
8787712304731,Falha na requisição HTTP
1787701760520,Falha na requisição HTTP
8555518271733,Falha na requisição HTTP
8787708733437,Falha na requisição HTTP
8787710887764,Falha na requisição HTTP
8444426256434,Falha na requisição HTTP
8444426933975,Falha na requisição HTTP
8444414706960,Falha na requisição HTTP
8787707882129,Falha na requisição HTTP
8787704255891,Falha na requisição HTTP
8555535305136,Falha na requisição HTTP
8444404444050,Falha na requisição HTTP
8787712475463,Falha na requisição HTTP
8787704966151,Falha na requisição HTTP
8787711928626,Falha na requisição HTTP
8444406766194,Falha na requisição HTTP
8787700354887,Falha na requisição HTTP
8555524716156,Falha na requisição HTTP
8555515080058,Falha na requisição HTTP
8444412718180,Falha na requisição HTTP
8555506982346,Falha na requisição HTTP
8444413013201,Falha na requisição HTTP
8444428272534,Falha na requisição HTTP
8444420713337,Falha na requisição HTTP
8787701773662,Falha na requisição HTTP
8444426438338,Falha na requisição HTTP
8787713732958,Falha na requisição HTTP
8444419741888,Falha na requisição HTTP
8444414867140,Falha na requisição HTTP
8444418697087,Falha na requisição HTTP
8444419075675,Falha na requisição HTTP
8555517453196,Falha na requisição HTTP
8555514311110,Falha na requisição HTTP
1444406288405,Falha na requisição HTTP
8444403782571,Falha na requisição HTTP
8444434631060,Falha na requisição HTTP
8555523879787,Falha na requisição HTTP
8444421270242,Falha na requisição HTTP
8444426210612,Falha na requisição HTTP
8787702645927,Falha na requisição HTTP
8787700970499,Falha na requisição HTTP
8444426680767,Falha na requisição HTTP
8444416157450,Falha na requisição HTTP
8444408313650,Falha na requisição HTTP
8444409107450,Falha na requisição HTTP
8787711854401,Falha na requisição HTTP
8444424562503,Falha na requisição HTTP
8444427143943,Falha na requisição HTTP
8444423970780,Falha na requisição HTTP
8444430981580,Falha na requisição HTTP
8444426149344,Falha na requisição HTTP
8444426692404,Falha na requisição HTTP
8444424810434,Falha na requisição HTTP
8444426324413,Falha na requisição HTTP
8787700797304,Falha na requisição HTTP
1444421074470,Falha na requisição HTTP
1555501469014,Falha na requisição HTTP
10145865,Falha na requisição HTTP
8444424123020,Falha na requisição HTTP
8555505102920,Falha na requisição HTTP
8084400407420,Falha na requisição HTTP
8444406117714,Falha na requisição HTTP
8787713162191,Falha na requisição HTTP
1444415670430,Falha na requisição HTTP
1444400549738,Falha na requisição HTTP
8444407821164,Falha na requisição HTTP
8444425520979,Falha na requisição HTTP
8444421615398,Falha na requisição HTTP
10217980,Falha na requisição HTTP
8329400001900,Falha na requisição HTTP
10217553,Falha na requisição HTTP
1555515328795,Falha na requisição HTTP
1093020141160,Falha na requisição HTTP
10145864,Falha na requisição HTTP
1444413042297,Falha na requisição HTTP
1444412961337,Falha na requisição HTTP
10214504,Falha na requisição HTTP
1444420045042,Falha na requisição HTTP
10216476,Falha na requisição HTTP
1555519123012,Falha na requisição HTTP
1555506097930,Falha na requisição HTTP
1444413554166,Falha na requisição HTTP
8444401875564,Falha na requisição HTTP
8444420673378,Falha na requisição HTTP
8444416647880,Falha na requisição HTTP
8444406862657,Falha na requisição HTTP
8787704483738,Falha na requisição HTTP
8787710860513,Falha na requisição HTTP
1555531654693,Falha na requisição HTTP
8787706631238,Falha na requisição HTTP
8444402644825,Falha na requisição HTTP
8787707349129,Falha na requisição HTTP
8787711382895,Falha na requisição HTTP
1444413223208,Falha na requisição HTTP
8444407748068,Falha na requisição HTTP
8444430406178,Falha na requisição HTTP
8555524072194,Falha na requisição HTTP
8787703723778,Falha na requisição HTTP
8787712281499,Falha na requisição HTTP
10217331,Falha na requisição HTTP
8444422866955,Falha na requisição HTTP
8555511554276,Falha na requisição HTTP
1444406445012,Falha na requisição HTTP
1444415127028,Falha na requisição HTTP
8555532929627,Falha na requisição HTTP
1444405344883,Falha na requisição HTTP
8444418476110,Falha na requisição HTTP
8787703383144,Falha na requisição HTTP
8787704120902,Falha na requisição HTTP
8787709148546,Falha na requisição HTTP
1444415581578,Falha na requisição HTTP
8787703352435,Falha na requisição HTTP
8444419571044,Falha na requisição HTTP
8787712277645,Falha na requisição HTTP
1444417857473,Falha na requisição HTTP
8444435591690,Falha na requisição HTTP
8555509405390,Falha na requisição HTTP
8444425077161,Falha na requisição HTTP
10005594,Falha na requisição HTTP
8444434200566,Falha na requisição HTTP
1555536045377,Falha na requisição HTTP
8444408586681,Falha na requisição HTTP
8444405005521,Falha na requisição HTTP
8555534625676,Falha na requisição HTTP
8787713652512,Falha na requisição HTTP
8787710686327,Falha na requisição HTTP
8787712143258,Falha na requisição HTTP
8444429084880,Falha na requisição HTTP
8787708981198,Falha na requisição HTTP
8787712934689,Falha na requisição HTTP
8444426570929,Falha na requisição HTTP
8444408267217,Falha na requisição HTTP
8555536976867,Falha na requisição HTTP
8787706563798,Falha na requisição HTTP
8787713082406,Falha na requisição HTTP
10217512,Falha na requisição HTTP
8444400745616,Falha na requisição HTTP
8444423922174,Falha na requisição HTTP
8444407999192,Falha na requisição HTTP
8787714161105,Falha na requisição HTTP
8787720360890,Falha na requisição HTTP
1787701642608,Falha na requisição HTTP
1444400868450,Falha na requisição HTTP
8787715894289,Falha na requisição HTTP
8787710123896,Falha na requisição HTTP
8787700364998,Falha na requisição HTTP
1444408093733,Falha na requisição HTTP
8787714116762,Falha na requisição HTTP
10219105,Falha na requisição HTTP
8444421669099,Falha na requisição HTTP
8555511851548,Falha na requisição HTTP
8555536670725,Falha na requisição HTTP
8555537482680,Falha na requisição HTTP
1555527631293,Falha na requisição HTTP
8555540177990,Falha na requisição HTTP
8444417028297,Falha na requisição HTTP
8787709884587,Falha na requisição HTTP
8444421753901,Falha na requisição HTTP
8787711303839,Falha na requisição HTTP
10218935,Falha na requisição HTTP
8444418056553,Falha na requisição HTTP
8306110030283,Falha na requisição HTTP
1444418939252,Falha na requisição HTTP
8444435235622,Falha na requisição HTTP
8444432716743,Falha na requisição HTTP
8444430923695,Falha na requisição HTTP
8444419934147,Falha na requisição HTTP
8444416673067,Falha na requisição HTTP
8555527065059,Falha na requisição HTTP
8444409523322,Falha na requisição HTTP
1444417502560,Falha na requisição HTTP
1444407580029,Falha na requisição HTTP
1444407301634,Falha na requisição HTTP
1047920692178,Falha na requisição HTTP
1444417012457,Falha na requisição HTTP
8444425047068,Falha na requisição HTTP
8444417059699,Falha na requisição HTTP
8555513544618,Falha na requisição HTTP
8444425494633,Falha na requisição HTTP
8444414880839,Falha na requisição HTTP
8444401706860,Falha na requisição HTTP
8444407479881,Falha na requisição HTTP
8444413608450,Falha na requisição HTTP
8444411122429,Falha na requisição HTTP
8444410167917,Falha na requisição HTTP
8555536866786,Falha na requisição HTTP
8444426680910,Falha na requisição HTTP
8555522296907,Falha na requisição HTTP
8444429245077,Falha na requisição HTTP
8555534308662,Falha na requisição HTTP
8444414315341,Falha na requisição HTTP
8444427456232,Falha na requisição HTTP
8555535150809,Falha na requisição HTTP
8444404072900,Falha na requisição HTTP
1444405895235,Falha na requisição HTTP
1444418097766,Falha na requisição HTTP
8444407344250,Falha na requisição HTTP
8444429108436,Falha na requisição HTTP
8787709739277,Falha na requisição HTTP
8444422071626,Falha na requisição HTTP
8555524924026,Falha na requisição HTTP
8787701517577,Falha na requisição HTTP
8787706788056,Falha na requisição HTTP
8787700216522,Falha na requisição HTTP
8787710498350,Falha na requisição HTTP
8787709843422,Falha na requisição HTTP
1555531447388,Falha na requisição HTTP
8787704531724,Falha na requisição HTTP
8787701874841,Falha na requisição HTTP
8555525058004,Falha na requisição HTTP
8787708304862,Falha na requisição HTTP
8444416176624,Falha na requisição HTTP
8555523202132,Falha na requisição HTTP
8444425160514,Falha na requisição HTTP
8787708638914,Falha na requisição HTTP
8555533457877,Falha na requisição HTTP
8444420086480,Falha na requisição HTTP
8444407979914,Falha na requisição HTTP
8787712042966,Falha na requisição HTTP
1444415256146,Falha na requisição HTTP
8787711922903,Falha na requisição HTTP
8787708953356,Falha na requisição HTTP
8787713586404,Falha na requisição HTTP
8787712576448,Falha na requisição HTTP
1555533670343,Falha na requisição HTTP
1444416752333,Falha na requisição HTTP
8787706533490,Falha na requisição HTTP
8444427239290,Falha na requisição HTTP
8787705020235,Falha na requisição HTTP
8444421657880,Falha na requisição HTTP
1444419145578,Falha na requisição HTTP
8444418805882,Falha na requisição HTTP
8787713041483,Falha na requisição HTTP
1444411499966,Falha na requisição HTTP
8444403422613,Falha na requisição HTTP
8787707780296,Falha na requisição HTTP
8787708097840,Falha na requisição HTTP
8787709902682,Falha na requisição HTTP
1444407639945,Falha na requisição HTTP
8787715466929,Falha na requisição HTTP
8787713302600,Falha na requisição HTTP
8787702496891,Falha na requisição HTTP
8444403889490,Falha na requisição HTTP
8787715220237,Falha na requisição HTTP
8555500701493,Falha na requisição HTTP
8787714168894,Falha na requisição HTTP
8444421776200,Falha na requisição HTTP
8787702556100,Falha na requisição HTTP
1444405096332,Falha na requisição HTTP
8444425682260,Falha na requisição HTTP
8555532185660,Falha na requisição HTTP
8444413274870,Falha na requisição HTTP
8787709723842,Falha na requisição HTTP
8555533508994,Falha na requisição HTTP
10215015,Falha na requisição HTTP
8787715436442,Falha na requisição HTTP
8787706857694,Falha na requisição HTTP
8787708480750,Falha na requisição HTTP
8444400955610,Falha na requisição HTTP
8044200419124,Falha na requisição HTTP
8787709381992,Falha na requisição HTTP
8787707482538,Falha na requisição HTTP
8787706089123,Falha na requisição HTTP
8444408358646,Falha na requisição HTTP
8787712958200,Falha na requisição HTTP
8787710580316,Falha na requisição HTTP
8787708282583,Falha na requisição HTTP
1444407896565,Falha na requisição HTTP
8787701457094,Falha na requisição HTTP
8787715014432,Falha na requisição HTTP
8444426379005,Falha na requisição HTTP
10218934,Falha na requisição HTTP
8444415987505,Falha na requisição HTTP
1444412908878,Falha na requisição HTTP
10216479,Falha na requisição HTTP
1444416896718,Falha na requisição HTTP
8444416580433,Falha na requisição HTTP
1444405893232,Falha na requisição HTTP
8444428019529,Falha na requisição HTTP
8042890000610,Falha na requisição HTTP
1444421301620,Falha na requisição HTTP
8787703044315,Falha na requisição HTTP
8787701893285,Falha na requisição HTTP
8787712308036,Falha na requisição HTTP
8555507789868,Falha na requisição HTTP
8787700732350,Falha na requisição HTTP
8444425237436,Falha na requisição HTTP
8444401647901,Falha na requisição HTTP
8787711086498,Falha na requisição HTTP
1555520385599,Falha na requisição HTTP
8787716740331,Falha na requisição HTTP
10215014,Falha na requisição HTTP
8555510751671,Falha na requisição HTTP
8787705141466,Falha na requisição HTTP
8555502707421,Falha na requisição HTTP
8787708854935,Falha na requisição HTTP
1444409622454,Falha na requisição HTTP
1444404730801,Falha na requisição HTTP
8787708635842,Falha na requisição HTTP
8444400197350,Falha na requisição HTTP
8444413580181,Falha na requisição HTTP
8787716856500,Falha na requisição HTTP
8444428214810,Falha na requisição HTTP
1444419374429,Falha na requisição HTTP
8444426312172,Falha na requisição HTTP
8444429978228,Falha na requisição HTTP
8444407111230,Falha na requisição HTTP
8444413377947,Falha na requisição HTTP
1555506410816,Falha na requisição HTTP
8787710382336,Falha na requisição HTTP
8787711585087,Falha na requisição HTTP
8787708019173,Falha na requisição HTTP
8787713559709,Falha na requisição HTTP
8787712288400,Falha na requisição HTTP
1444413512064,Falha na requisição HTTP
8444427561478,Falha na requisição HTTP
8787714946196,Falha na requisição HTTP
8787706117402,Falha na requisição HTTP
8787711538160,Falha na requisição HTTP
8444428425900,Falha na requisição HTTP
8555500745148,Falha na requisição HTTP
8444415842752,Falha na requisição HTTP
8555509177525,Falha na requisição HTTP
8555525408293,Falha na requisição HTTP
8555532149915,Falha na requisição HTTP
8444428443495,Falha na requisição HTTP
8555518632469,Falha na requisição HTTP
8787708749473,Falha na requisição HTTP
8787714455419,Falha na requisição HTTP
1444401214845,Falha na requisição HTTP
1787701010709,Falha na requisição HTTP
8787704930181,Falha na requisição HTTP
1444417346924,Falha na requisição HTTP
1444420346930,Falha na requisição HTTP
1444402609797,Falha na requisição HTTP
1444413559834,Falha na requisição HTTP
8787708347090,Falha na requisição HTTP
8787700643943,Falha na requisição HTTP
10218933,Falha na requisição HTTP
8787715258889,Falha na requisição HTTP
8555524694969,Falha na requisição HTTP
1555510908840,Falha na requisição HTTP
8787703488205,Falha na requisição HTTP
1555529582745,Falha na requisição HTTP
8787717934555,Falha na requisição HTTP
8444422364062,Falha na requisição HTTP
8787707963951,Falha na requisição HTTP
8787714180592,Falha na requisição HTTP
1444407614446,Falha na requisição HTTP
8444419851713,Falha na requisição HTTP
8444405969644,Falha na requisição HTTP
8787705999975,Falha na requisição HTTP
8444422134440,Falha na requisição HTTP
8787712811471,Falha na requisição HTTP
8787710757984,Falha na requisição HTTP
8787709421110,Falha na requisição HTTP
8444416205586,Falha na requisição HTTP
8787711219161,Falha na requisição HTTP
8787700403330,Falha na requisição HTTP
1555516978980,Falha na requisição HTTP
8787711470905,Falha na requisição HTTP
8044900443630,Falha na requisição HTTP
1052220944928,Falha na requisição HTTP
8444409465055,Falha na requisição HTTP
8787703177552,Falha na requisição HTTP
8555534484169,Falha na requisição HTTP
8555500459870,Falha na requisição HTTP
8787708681461,Falha na requisição HTTP
8787711961402,Falha na requisição HTTP
8444413126685,Falha na requisição HTTP
8444410461742,Falha na requisição HTTP
1444415168700,Falha na requisição HTTP
1444418800920,Falha na requisição HTTP
8787711373535,Falha na requisição HTTP
8444407617249,Falha na requisição HTTP
1555531960735,Falha na requisição HTTP
8787711896384,Falha na requisição HTTP
8444430233915,Falha na requisição HTTP
8555536510760,Falha na requisição HTTP
8164520081109,Falha na requisição HTTP
8787710417148,Falha na requisição HTTP
1444418144128,Falha na requisição HTTP
8787707111114,Falha na requisição HTTP
10217171,Falha na requisição HTTP
8291800002083,Falha na requisição HTTP
8444423703480,Falha na requisição HTTP
1444406791832,Falha na requisição HTTP
8444428471146,Falha na requisição HTTP
8444424955335,Falha na requisição HTTP
8444406804193,Falha na requisição HTTP
8787714712942,Falha na requisição HTTP
8444426864272,Falha na requisição HTTP
1109200002991,Falha na requisição HTTP
8555532082543,Falha na requisição HTTP
10214785,Falha na requisição HTTP
8444424387604,Falha na requisição HTTP
8444433888742,Falha na requisição HTTP
8444421550440,Falha na requisição HTTP
8555506638718,Falha na requisição HTTP
8555511492556,Falha na requisição HTTP
1444418094511,Falha na requisição HTTP
8444420826930,Falha na requisição HTTP
8787713824496,Falha na requisição HTTP
8555531110470,Falha na requisição HTTP
8444422382320,Falha na requisição HTTP
8787711721100,Falha na requisição HTTP
1444416097483,Falha na requisição HTTP
8444430098996,Falha na requisição HTTP
8444418119067,Falha na requisição HTTP
8444429151129,Falha na requisição HTTP
8444404869310,Falha na requisição HTTP
8787706269008,Falha na requisição HTTP
8555522809211,Falha na requisição HTTP
1444418246354,Falha na requisição HTTP
8787715401819,Falha na requisição HTTP
8787713576212,Falha na requisição HTTP
1444406423515,Falha na requisição HTTP
8444404360662,Falha na requisição HTTP
8444401712894,Falha na requisição HTTP
8444430332590,Falha na requisição HTTP
8555521942074,Falha na requisição HTTP
8444433548267,Falha na requisição HTTP
8444427529132,Falha na requisição HTTP
8444435715527,Falha na requisição HTTP
8787710104379,Falha na requisição HTTP
8787707839878,Falha na requisição HTTP
8444427523436,Falha na requisição HTTP
8444425587690,Falha na requisição HTTP
8444406684740,Falha na requisição HTTP
8444408316846,Falha na requisição HTTP
8444429262907,Falha na requisição HTTP
8787714875540,Falha na requisição HTTP
8444424909872,Falha na requisição HTTP
8555511674409,Falha na requisição HTTP
8444413661440,Falha na requisição HTTP
8444406350818,Falha na requisição HTTP
8444411055772,Falha na requisição HTTP
8444434316300,Falha na requisição HTTP
8444409712605,Falha na requisição HTTP
8787700353619,Falha na requisição HTTP
8444403392650,Falha na requisição HTTP
8444403774242,Falha na requisição HTTP
8444427844089,Falha na requisição HTTP
8787714550772,Falha na requisição HTTP
8444406879100,Falha na requisição HTTP
8787712022388,Falha na requisição HTTP
8787702324667,Falha na requisição HTTP
8787716241793,Falha na requisição HTTP
8444416438734,Falha na requisição HTTP
8444428914102,Falha na requisição HTTP
8444428861424,Falha na requisição HTTP
8787715846659,Falha na requisição HTTP
8787704297527,Falha na requisição HTTP
8555519517272,Falha na requisição HTTP
8444435328795,Falha na requisição HTTP
8444429818999,Falha na requisição HTTP
8787710076898,Falha na requisição HTTP
8444434667405,Falha na requisição HTTP
8444422173500,Falha na requisição HTTP
1444412953237,Falha na requisição HTTP
8444411907728,Falha na requisição HTTP
8444403519340,Falha na requisição HTTP
8444414134630,Falha na requisição HTTP
8444422482260,Falha na requisição HTTP
8444405230088,Falha na requisição HTTP
8444432447505,Falha na requisição HTTP
8300200004827,Falha na requisição HTTP
8444405627107,Falha na requisição HTTP
8444434386430,Falha na requisição HTTP
8444426129840,Falha na requisição HTTP
8787713868205,Falha na requisição HTTP
8787711342753,Falha na requisição HTTP
8444423545354,Falha na requisição HTTP
8444427163383,Falha na requisição HTTP
8444400535921,Falha na requisição HTTP
8444427388059,Falha na requisição HTTP
8444406191523,Falha na requisição HTTP
8787712866098,Falha na requisição HTTP
8444417722002,Falha na requisição HTTP
8787710977453,Falha na requisição HTTP
8787710236119,Falha na requisição HTTP
8444425094724,Falha na requisição HTTP
8444420183516,Falha na requisição HTTP
8444429828579,Falha na requisição HTTP
8444415530580,Falha na requisição HTTP
8444418117137,Falha na requisição HTTP
8444426111223,Falha na requisição HTTP
8444412153743,Falha na requisição HTTP
1444415803465,Falha na requisição HTTP
1787701268374,Falha na requisição HTTP
8444428743146,Falha na requisição HTTP
8787709355266,Falha na requisição HTTP
8444428819894,Falha na requisição HTTP
8787710190046,Falha na requisição HTTP
8444431429430,Falha na requisição HTTP
10219410,Falha na requisição HTTP
8444402801190,Falha na requisição HTTP
8444409512150,Falha na requisição HTTP
1555502156621,Falha na requisição HTTP
8787710660689,Falha na requisição HTTP
1444400284092,Falha na requisição HTTP
1444421484180,Falha na requisição HTTP
8787714590170,Falha na requisição HTTP
1444419408587,Falha na requisição HTTP
8787702047930,Falha na requisição HTTP
8787708043805,Falha na requisição HTTP
8444427391955,Falha na requisição HTTP
8293700006210,Falha na requisição HTTP
1444420822871,Falha na requisição HTTP
8555533726630,Falha na requisição HTTP
8787705190092,Falha na requisição HTTP
8555533570452,Falha na requisição HTTP
8787703455994,Falha na requisição HTTP
8787705845447,Falha na requisição HTTP
8444406140791,Falha na requisição HTTP
1555530488838,Falha na requisição HTTP
8555535499089,Falha na requisição HTTP
8555530235130,Falha na requisição HTTP
1444415221377,Falha na requisição HTTP
1444414644002,Falha na requisição HTTP
8444435086791,Falha na requisição HTTP
8444402076070,Falha na requisição HTTP
8787708407475,Falha na requisição HTTP
8787711148051,Falha na requisição HTTP
8787700729082,Falha na requisição HTTP
8787703681323,Falha na requisição HTTP
8444423378237,Falha na requisição HTTP
8787706002540,Falha na requisição HTTP
8787708285540,Falha na requisição HTTP
8787709501718,Falha na requisição HTTP
1444401500210,Falha na requisição HTTP
8444414149956,Falha na requisição HTTP
8787700751525,Falha na requisição HTTP
8787709485623,Falha na requisição HTTP
1444407459181,Falha na requisição HTTP
8444434147525,Falha na requisição HTTP
8444418420549,Falha na requisição HTTP
8787703081784,Falha na requisição HTTP
8787705918908,Falha na requisição HTTP
1444400721654,Falha na requisição HTTP
8787705281420,Falha na requisição HTTP
8036800019134,Falha na requisição HTTP
8444429913860,Falha na requisição HTTP
8787714576011,Falha na requisição HTTP
10005595,Falha na requisição HTTP
8787713722081,Falha na requisição HTTP
8444419527851,Falha na requisição HTTP
8444425630090,Falha na requisição HTTP
8555536373160,Falha na requisição HTTP
8787712190078,Falha na requisição HTTP
8444416445145,Falha na requisição HTTP
8444404861211,Falha na requisição HTTP
8787708861397,Falha na requisição HTTP
8787702886266,Falha na requisição HTTP
8444420085808,Falha na requisição HTTP
8787715090163,Falha na requisição HTTP
8444416476539,Falha na requisição HTTP
1555532542724,Falha na requisição HTTP
10219411,Falha na requisição HTTP
8444420957651,Falha na requisição HTTP
8787711198350,Falha na requisição HTTP
8444417365323,Falha na requisição HTTP
1444423718285,Falha na requisição HTTP
8787708041640,Falha na requisição HTTP
8444416650717,Falha na requisição HTTP
8787705715144,Falha na requisição HTTP
8444420577204,Falha na requisição HTTP
10217556,Falha na requisição HTTP
8555536843115,Falha na requisição HTTP
8444423221567,Falha na requisição HTTP
8787705595769,Falha na requisição HTTP
8787706739624,Falha na requisição HTTP
8787702773070,Falha na requisição HTTP
8555520375818,Falha na requisição HTTP
8787703772531,Falha na requisição HTTP
8787703162318,Falha na requisição HTTP
8787702642359,Falha na requisição HTTP
1444406985661,Falha na requisição HTTP
8555536335063,Falha na requisição HTTP
8444426604467,Falha na requisição HTTP
8787706494206,Falha na requisição HTTP
8444410958876,Falha na requisição HTTP
8444420765680,Falha na requisição HTTP
8555536539726,Falha na requisição HTTP
8787710976171,Falha na requisição HTTP
8787702787098,Falha na requisição HTTP
1444411861568,Falha na requisição HTTP
8787703911841,Falha na requisição HTTP
8787706036895,Falha na requisição HTTP
10217170,Falha na requisição HTTP
8444417003618,Falha na requisição HTTP
8787714152513,Falha na requisição HTTP
8444424917204,Falha na requisição HTTP
1444421261814,Falha na requisição HTTP
8444426748400,Falha na requisição HTTP
8787703719380,Falha na requisição HTTP
8787706021278,Falha na requisição HTTP
8787708439989,Falha na requisição HTTP
10219107,Falha na requisição HTTP
1444401340786,Falha na requisição HTTP
8555510184688,Falha na requisição HTTP
1555531002262,Falha na requisição HTTP
8787705634519,Falha na requisição HTTP
8444428600574,Falha na requisição HTTP
8787704657906,Falha na requisição HTTP
8787701794651,Falha na requisição HTTP
8787700755318,Falha na requisição HTTP
8787713650021,Falha na requisição HTTP
8787709606358,Falha na requisição HTTP
1444405936837,Falha na requisição HTTP
8444403054380,Falha na requisição HTTP
1444423432012,Falha na requisição HTTP
8444423063325,Falha na requisição HTTP
8444435188152,Falha na requisição HTTP
8787715558629,Falha na requisição HTTP
8444400401712,Falha na requisição HTTP
8444431570141,Falha na requisição HTTP
8444432120522,Falha na requisição HTTP
8787708346620,Falha na requisição HTTP
10217510,Falha na requisição HTTP
10217511,Falha na requisição HTTP
8444420233262,Falha na requisição HTTP
1787701303528,Falha na requisição HTTP
1444414392011,Falha na requisição HTTP
8444413786677,Falha na requisição HTTP
8444421800365,Falha na requisição HTTP
1555534599154,Falha na requisição HTTP
1444419531664,Falha na requisição HTTP
1444419295294,Falha na requisição HTTP
8444410646912,Falha na requisição HTTP
8444417944587,Falha na requisição HTTP
8787700787074,Falha na requisição HTTP
10219119,Falha na requisição HTTP
10219412,Falha na requisição HTTP
1555518586701,Falha na requisição HTTP
8444411886496,Falha na requisição HTTP
1444419081995,Falha na requisição HTTP
8444431870617,Falha na requisição HTTP
1444418939627,Falha na requisição HTTP
8787701525189,Falha na requisição HTTP
8787713497720,Falha na requisição HTTP
8787715871955,Falha na requisição HTTP
8787713456292,Falha na requisição HTTP
8787708747993,Falha na requisição HTTP
8787708459920,Falha na requisição HTTP
8787709375755,Falha na requisição HTTP
8787707950132,Falha na requisição HTTP
8444427632685,Falha na requisição HTTP
8787706823919,Falha na requisição HTTP
8787710970980,Falha na requisição HTTP
8787714855514,Falha na requisição HTTP
8787716801756,Falha na requisição HTTP
8787707015522,Falha na requisição HTTP
8444427301328,Falha na requisição HTTP
8787711669299,Falha na requisição HTTP
8787714921690,Falha na requisição HTTP
8787711181296,Falha na requisição HTTP
8787704182428,Falha na requisição HTTP
8787703213630,Falha na requisição HTTP
8444415671524,Falha na requisição HTTP
8787711407103,Falha na requisição HTTP
8787703192730,Falha na requisição HTTP
8787702143239,Falha na requisição HTTP
8787703774755,Falha na requisição HTTP
1444416737849,Falha na requisição HTTP
8444424238617,Falha na requisição HTTP
8444423420543,Falha na requisição HTTP
8444418989819,Falha na requisição HTTP
8787702329553,Falha na requisição HTTP
8444419250825,Falha na requisição HTTP
8555526519331,Falha na requisição HTTP
8787701887528,Falha na requisição HTTP
8444413510329,Falha na requisição HTTP
8444412882885,Falha na requisição HTTP
1444406690106,Falha na requisição HTTP
8444433617153,Falha na requisição HTTP
8787708530498,Falha na requisição HTTP
8787705420250,Falha na requisição HTTP
8555523710995,Falha na requisição HTTP
8787707324789,Falha na requisição HTTP
8787705203364,Falha na requisição HTTP
8787702826654,Falha na requisição HTTP
8787708842740,Falha na requisição HTTP
8444424834384,Falha na requisição HTTP
8787710979200,Falha na requisição HTTP
8787703457644,Falha na requisição HTTP
8444407846337,Falha na requisição HTTP
8555510969880,Falha na requisição HTTP
10005596,Falha na requisição HTTP
8444416846387,Falha na requisição HTTP
8444432227165,Falha na requisição HTTP
1444412981559,Falha na requisição HTTP
1555531606338,Falha na requisição HTTP
8787708830165,Falha na requisição HTTP
8787705745582,Falha na requisição HTTP
8444408529882,Falha na requisição HTTP
1444407483619,Falha na requisição HTTP
8444415436258,Falha na requisição HTTP
8444428818464,Falha na requisição HTTP
1444407836503,Falha na requisição HTTP
8444431137502,Falha na requisição HTTP
8444400275199,Falha na requisição HTTP
8555526286612,Falha na requisição HTTP
1555510597186,Falha na requisição HTTP
8444405852577,Falha na requisição HTTP
8444421587785,Falha na requisição HTTP
8444435215990,Falha na requisição HTTP
10217975,Falha na requisição HTTP
1444401000608,Falha na requisição HTTP
1444405598214,Falha na requisição HTTP
1555508803270,Falha na requisição HTTP
1444419861249,Falha na requisição HTTP
1444403799654,Falha na requisição HTTP
1555520929360,Falha na requisição HTTP
1444416389395,Falha na requisição HTTP
1444406535275,Falha na requisição HTTP
17720,Falha na requisição HTTP
1444405869528,Falha na requisição HTTP
1555530269370,Falha na requisição HTTP
8444425979459,Falha na requisição HTTP
8444411150988,Falha na requisição HTTP
8444418635235,Falha na requisição HTTP
8555516949120,Falha na requisição HTTP
8444421477092,Falha na requisição HTTP
8787717137337,Falha na requisição HTTP
1444414080400,Falha na requisição HTTP
1555525514702,Falha na requisição HTTP
8787718228387,Falha na requisição HTTP
8444405008792,Falha na requisição HTTP
8787715836750,Falha na requisição HTTP
8444425659632,Falha na requisição HTTP
8555530708321,Falha na requisição HTTP
8444424872090,Falha na requisição HTTP
8787713329487,Falha na requisição HTTP
8787716780392,Falha na requisição HTTP
8444420943642,Falha na requisição HTTP
8444412929350,Falha na requisição HTTP
8555535210968,Falha na requisição HTTP
8444418015458,Falha na requisição HTTP
8444427438625,Falha na requisição HTTP
8555519272547,Falha na requisição HTTP
8444429880791,Falha na requisição HTTP
8444423777034,Falha na requisição HTTP
8444425659772,Falha na requisição HTTP
8444430962011,Falha na requisição HTTP
8444414987447,Falha na requisição HTTP
8444421178869,Falha na requisição HTTP
1444423232773,Falha na requisição HTTP
1444422825932,Falha na requisição HTTP
8444422288250,Falha na requisição HTTP
8787707924999,Falha na requisição HTTP
8444406259608,Falha na requisição HTTP
8787713353760,Falha na requisição HTTP
8444422945057,Falha na requisição HTTP
8444417454849,Falha na requisição HTTP
8444428851275,Falha na requisição HTTP
8444422940292,Falha na requisição HTTP
8444429651423,Falha na requisição HTTP
8444427849978,Falha na requisição HTTP
1444406284558,Falha na requisição HTTP
1444419456778,Falha na requisição HTTP
8222380003527,Falha na requisição HTTP
8555511176719,Falha na requisição HTTP
8444431550639,Falha na requisição HTTP
8318900004989,Falha na requisição HTTP
8787714652575,Falha na requisição HTTP
8444432704702,Falha na requisição HTTP
8555508317978,Falha na requisição HTTP
8787706539315,Falha na requisição HTTP
1444419623682,Falha na requisição HTTP
